mat,desc,kind,n,total,status,decided,dates,prices,m2022,m2023,m2024,match,other,note
44435001,אגרת מודד מבקר,2,1144,2021950.0,נקבע מחיר בוועדה,"מודד מבקר רישום ראשוני (מק""ט 8003444) | ביקורת תצ""ר = 950 ₪ (קודם: 800); מודד מבקר עד 10 חלקות (מק""ט 8003445) | ביקורת תצ""ר = 1,100 ₪ (קודם: 900); מודד מבקר עד 50 חלקות (מק""ט 8003446) | ביקורת תצ""ר = 1,600 ₪ (קודם: 1345); מודד מבקר עד 100 חלקות (מק""ט 8003447) | ביקורת תצ""ר = 2,100 ₪ (קודם: 1790)",2022-08-29,"950, 1,100, 1,600, 2,100",,1100.0,1150.0,50% מ-1144 השורות שמיום ההחלטה = המחיר שנקבע או כפולה שלו,"מחירון 2024: 1,000, 1,150, 1,700, 2,200","מק""ט מאוחד; מחירי 2024 (1000/1150/1700/2200) הם כנראה תוצאת ההצמדה: פרוטוקול 29.8.22 אישר גם הצמדה שנתית למדד בכל ינואר (החל מ-16.2.2023); חישוב ההצמדה לא נמסר"
8003445,מודד מבקר עד 10 חלקות,2,455,555600.0,נקבע מחיר בוועדה,"מודד מבקר עד 10 חלקות (מק""ט 8003445) | ביקורת תצ""ר = 1,100 ₪ (קודם: 900)",2022-08-29,"1,100",900.0,1100.0,1100.0,75% מ-255 השורות שמיום ההחלטה = המחיר שנקבע או כפולה שלו (200 שורות קודמות להחלטה),"מחירון 2024: 1,150",פרוטוקול 29.8.22 אישר גם הצמדה שנתית למדד בכל ינואר (החל מ-16.2.2023); חישוב ההצמדה לא נמסר
8003446,מודד מבקר עד 50 חלקות,2,145,292345.0,נקבע מחיר בוועדה,"מודד מבקר עד 50 חלקות (מק""ט 8003446) | ביקורת תצ""ר = 1,600 ₪ (קודם: 1345)",2022-08-29,"1,600",1345.0,1600.0,4800.0,67% מ-86 השורות שמיום ההחלטה = המחיר שנקבע או כפולה שלו (59 שורות קודמות להחלטה),"מחירון 2024: 1,700",פרוטוקול 29.8.22 אישר גם הצמדה שנתית למדד בכל ינואר (החל מ-16.2.2023); חישוב ההצמדה לא נמסר
8008057,"DSM- 50 cm  - עד 5 קמ""ר",3,3,271157.04,נקבע מחיר בוועדה,"מוצר גובה (2) | עד 5 קמ""ר = 73 ₪ לקמ""ר; מוצר גובה (2) | 5-50 קמ""ר = 67 ₪ לקמ""ר; מוצר גובה (2) | 50-500 קמ""ר = 63 ₪ לקמ""ר; מוצר גובה (2) | 500-2000 קמ""ר = 56 ₪ לקמ""ר; מוצר גובה (2) | מעל 2000 קמ""ר = 53 ₪ לקמ""ר",2020-06-07,"53, 56, 63, 67, 73",,,104.61,"לא ניתן לבדוק (מחיר לקמ""ר)","מחירון 2024: 53, 56, 63, 67, 73",מוצר גובה (2) בפרוטוקול 7.6.20 = DSM לפי זהות המחירים
8008051,"DTM- 10 m - מעל 2000 קמ""ר",3,1,235200.0,נקבע מחיר בוועדה,"מוצר גובה (8) | עד 5 קמ""ר = 34 ₪ לקמ""ר; מוצר גובה (8) | 5-50 קמ""ר = 33 ₪ לקמ""ר; מוצר גובה (8) | 50-500 קמ""ר = 28 ₪ לקמ""ר; מוצר גובה (8) | 500-2000 קמ""ר = 12 ₪ לקמ""ר; מוצר גובה (8) | מעל 2000 קמ""ר = 12 ₪ לקמ""ר",2020-06-07,"12, 28, 33, 34",,,235200.0,"לא ניתן לבדוק (מחיר לקמ""ר)",,"מוצר גובה (8) = DTM רסטר 10 מטר לפיקסל, לפי פרוטוקול 23.7.20; לא מופיע במחירון"
7220002,תשלום חודשי קבוע - RTK,3,262,230100.0,נקבע מחיר בוועדה,"שירות RTK | משתמש חדש (יוזר), לקוחות פרטיים = 300 ₪ לחודש למשתמש",ללא תאריך (כנראה 2-3/2023),300,,300.0,300.0,100% מ-262 השורות שמיום ההחלטה = המחיר שנקבע או כפולה שלו,,
8004093,RTK - שימוש חודשי קבוע,3,208,195600.0,נקבע מחיר בוועדה,"שירות RTK | משתמש חדש (יוזר), לקוחות פרטיים = 300 ₪ לחודש למשתמש",ללא תאריך (כנראה 2-3/2023),300,,300.0,300.0,100% מ-208 השורות שמיום ההחלטה = המחיר שנקבע או כפולה שלו,,
8003444,מודד מבקר רישום ראשוני,2,114,100000.0,נקבע מחיר בוועדה,"מודד מבקר רישום ראשוני (מק""ט 8003444) | ביקורת תצ""ר = 950 ₪ (קודם: 800)",2022-08-29,950,800.0,950.0,,62% מ-47 השורות שמיום ההחלטה = המחיר שנקבע או כפולה שלו (67 שורות קודמות להחלטה),"מחירון 2024: 1,000",פרוטוקול 29.8.22 אישר גם הצמדה שנתית למדד בכל ינואר (החל מ-16.2.2023); חישוב ההצמדה לא נמסר
8008067,"ענן נקודות DSM - עד 5 קמ""ר",3,32,77507.62,נקבע מחיר בוועדה,"מוצר גובה (1) | עד 5 קמ""ר = 69 ₪ לקמ""ר; מוצר גובה (1) | 5-50 קמ""ר = 65 ₪ לקמ""ר; מוצר גובה (1) | 50-500 קמ""ר = 59 ₪ לקמ""ר; מוצר גובה (1) | 500-2000 קמ""ר = 54 ₪ לקמ""ר; מוצר גובה (1) | מעל 2000 קמ""ר = 49 ₪ לקמ""ר",2020-06-07,"49, 54, 59, 65, 69",,,23.22,"לא ניתן לבדוק (מחיר לקמ""ר)","מחירון 2024: 49, 54, 59, 65, 69",מוצר גובה (1) בפרוטוקול = ענן נקודות לפי זהות המחירים
8003447,מודד מבקר עד 100 חלקות,2,31,73910.0,נקבע מחיר בוועדה,"מודד מבקר עד 100 חלקות (מק""ט 8003447) | ביקורת תצ""ר = 2,100 ₪ (קודם: 1790)",2022-08-29,"2,100",1790.0,2100.0,2100.0,87% מ-15 השורות שמיום ההחלטה = המחיר שנקבע או כפולה שלו (16 שורות קודמות להחלטה),"מחירון 2024: 2,200",פרוטוקול 29.8.22 אישר גם הצמדה שנתית למדד בכל ינואר (החל מ-16.2.2023); חישוב ההצמדה לא נמסר
44439001,תשלום חודשי קבוע - RTK,3,34,58340.0,נקבע מחיר בוועדה,"שירות RTK | משתמש חדש (יוזר), לקוחות פרטיים = 300 ₪ לחודש למשתמש",ללא תאריך (כנראה 2-3/2023),300,,900.0,300.0,79% מ-34 השורות שמיום ההחלטה = המחיר שנקבע או כפולה שלו,,
8008052,"DTM- 50 cm  - עד 5 קמ""ר",3,30,42256.71,נקבע מחיר בוועדה,"מוצר גובה (4) | עד 5 קמ""ר = 66 ₪ לקמ""ר; מוצר גובה (4) | 5-50 קמ""ר = 63 ₪ לקמ""ר; מוצר גובה (4) | 50-500 קמ""ר = 57 ₪ לקמ""ר; מוצר גובה (4) | 500-2000 קמ""ר = 52 ₪ לקמ""ר; מוצר גובה (4) | מעל 2000 קמ""ר = 47 ₪ לקמ""ר",2020-06-07,"47, 52, 57, 63, 66",726.0,,22.68,"לא ניתן לבדוק (מחיר לקמ""ר)","מחירון 2024: 47, 52, 57, 63, 66",מוצר גובה (4) בפרוטוקול = DTM לפי זהות המחירים
8005652,עמוד שקט אזימוט לפי כ. צפון,2,2,40000.0,נקבע מחיר בוועדה,"עמוד שקט (שירות מדידה לחיל האוויר/תעשיות ביטחוניות) | חבילה עד 2 לילות, לאתר אחד = 20,000 ₪ לחבילה (קודם: חיוב לפי שעות (140 ₪ לשעת עובד); מק""ט 8005652 ""עמוד שקט אזימוט לפי כ.צפון"" 11,000 ₪); עמוד שקט (""אור כוכבים"") | חבילה כוללת (2 ימים כולל עבודת לילה) = 20,000 ₪ לחבילה; עמוד שקט (""אור כוכבים"") - משרד הביטחון/ח""א | לעבודה בכללותה = 35,676 ₪ (קודם: 20000 (אוג' 2022); קודם לכן כ-10,000 לפי שעות (141 ₪ לשעה))",2022-08-29; 2022-11-14; ללא תאריך (כנראה 28.7.2022),"20,000, 35,676",,20000.0,20000.0,100% מ-2 השורות שמיום ההחלטה = המחיר שנקבע או כפולה שלו,,"נמכר ב-20,000; פרוטוקול 14.11.22 העלה ל-35,676 למשהב""ט"
721705,דמי טיפול לצריבה,2,2181,32940.0,נקבע מחיר בוועדה,דמי טיפול = 0,2023-05-03,0,15.0,15.0,,"בוטל (0 ₪); 284 שורות נגבו מחודש ההחלטה והלאה, בסך 4,260 ₪",,הפרוטוקול (3.5.23) ביטל דמי טיפול; החיוב נפסק ביולי 2023
8008481,שכבת שכונות ארצי,3,2,30000.0,נקבע מחיר בוועדה,"מוצר שכונות (שכבת נקודות + פוליגונים, בנט""ל) | מחוז = 5,000 ₪; מוצר שכונות (שכבת נקודות + פוליגונים, בנט""ל) | כיסוי ארצי = 15,000 ₪; מוצר שכונות | רישיון שימוש ארגוני - כיסוי ארצי = 30,000 ₪ (קודם: 15000 (שימוש רגיל, החלטת 13.3.2022)); מוצר שכונות | רישיון שימוש ארגוני - מחוז בודד = 10,000 ₪ (קודם: 5000 (החלטת 13.3.2022))",2022-03-13; 2022-11-14,"5,000, 10,000, 15,000, 30,000",15000.0,,15000.0,100% מ-2 השורות שמיום ההחלטה = המחיר שנקבע או כפולה שלו,"מחירון 2024: 15,000, 30,000, 5,000",
8008055,"DTM- 50 cm - בין 500- 2000 קמ""ר",3,1,27196.0,נקבע מחיר בוועדה,"מוצר גובה (4) | עד 5 קמ""ר = 66 ₪ לקמ""ר; מוצר גובה (4) | 5-50 קמ""ר = 63 ₪ לקמ""ר; מוצר גובה (4) | 50-500 קמ""ר = 57 ₪ לקמ""ר; מוצר גובה (4) | 500-2000 קמ""ר = 52 ₪ לקמ""ר; מוצר גובה (4) | מעל 2000 קמ""ר = 47 ₪ לקמ""ר",2020-06-07,"47, 52, 57, 63, 66",,,27196.0,"לא ניתן לבדוק (מחיר לקמ""ר)","מחירון 2024: 47, 52, 57, 63, 66",מוצר גובה (4) בפרוטוקול = DTM לפי זהות המחירים
8003999,מאגר נקודות כתובת בסיסי,3,1,20000.0,נקבע מחיר בוועדה,"מאגר נקודות כתובת בסיסי בתוספת שדה BLDG_ID (מזמ""ר מבנה) | כיסוי ארצי = 23,000 ₪ (קודם: 20000)",2022-01-03,"23,000",20000.0,,,0% מ-1 השורות שמיום ההחלטה = המחיר שנקבע או כפולה שלו,"מחירון 2024: 0.25, 30,000, 60,000","נמכר ב-20,000 (2022); פרוטוקול 3.1.22: 23,000 עם שדה BLDG_ID; מחירון: 30,000/60,000, ב-2025: 70,000"
8004205,סט 17 מפות סימון שבילים מנויילן,3,17,16868.0,נקבע מחיר בוועדה,"מפות סימון שבילים | סט מנוילן = 1,000 ₪ (קודם: 1360)",2022-11-14,"1,000",1360.0,800.0,650.0,27% מ-11 השורות שמיום ההחלטה = המחיר שנקבע או כפולה שלו (6 שורות קודמות להחלטה),"מחירון 2024: 1,000",
8008050,"DTM- 10 m - בין 500- 2000 קמ""ר",3,1,15096.0,נקבע מחיר בוועדה,"מוצר גובה (8) | עד 5 קמ""ר = 34 ₪ לקמ""ר; מוצר גובה (8) | 5-50 קמ""ר = 33 ₪ לקמ""ר; מוצר גובה (8) | 50-500 קמ""ר = 28 ₪ לקמ""ר; מוצר גובה (8) | 500-2000 קמ""ר = 12 ₪ לקמ""ר; מוצר גובה (8) | מעל 2000 קמ""ר = 12 ₪ לקמ""ר",2020-06-07,"12, 28, 33, 34",15096.0,,,"לא ניתן לבדוק (מחיר לקמ""ר)",,"מוצר גובה (8) = DTM רסטר 10 מטר לפיקסל, לפי פרוטוקול 23.7.20; לא מופיע במחירון"
8008069,"ענן נקודות DSM- בין 50- 500 קמ""ר",3,1,12040.77,נקבע מחיר בוועדה,"מוצר גובה (1) | עד 5 קמ""ר = 69 ₪ לקמ""ר; מוצר גובה (1) | 5-50 קמ""ר = 65 ₪ לקמ""ר; מוצר גובה (1) | 50-500 קמ""ר = 59 ₪ לקמ""ר; מוצר גובה (1) | 500-2000 קמ""ר = 54 ₪ לקמ""ר; מוצר גובה (1) | מעל 2000 קמ""ר = 49 ₪ לקמ""ר",2020-06-07,"49, 54, 59, 65, 69",,,12040.77,"לא ניתן לבדוק (מחיר לקמ""ר)","מחירון 2024: 49, 54, 59, 65, 69",מוצר גובה (1) בפרוטוקול = ענן נקודות לפי זהות המחירים
8008054,"DTM- 50 cm  - בין 50- 500 קמ""ר",3,1,11759.33,נקבע מחיר בוועדה,"מוצר גובה (4) | עד 5 קמ""ר = 66 ₪ לקמ""ר; מוצר גובה (4) | 5-50 קמ""ר = 63 ₪ לקמ""ר; מוצר גובה (4) | 50-500 קמ""ר = 57 ₪ לקמ""ר; מוצר גובה (4) | 500-2000 קמ""ר = 52 ₪ לקמ""ר; מוצר גובה (4) | מעל 2000 קמ""ר = 47 ₪ לקמ""ר",2020-06-07,"47, 52, 57, 63, 66",,,11759.33,"לא ניתן לבדוק (מחיר לקמ""ר)","מחירון 2024: 47, 52, 57, 63, 66",מוצר גובה (4) בפרוטוקול = DTM לפי זהות המחירים
8009296,משטח מגנטי,2,1,10000.0,נקבע מחיר בוועדה,"פרויקט משטח מגנטי = 10,000 ₪ לפרויקט",ללא תאריך (כנראה 28.7.2022),"10,000",,10000.0,,100% מ-1 השורות שמיום ההחלטה = המחיר שנקבע או כפולה שלו,,
8004188,מפת סימון שבילים+למינציה,3,63,9578.75,נקבע מחיר בוועדה,מפות סימון שבילים | מפה בודדת מנוילנת = 65 ₪ (קודם: 84); מפות סימון שבילים | מפה בודדת - מחיר בכנסים = 60 ₪ (קודם: 84),2022-11-14,"60, 65",84.0,65.0,42.25,38% מ-21 השורות שמיום ההחלטה = המחיר שנקבע או כפולה שלו (42 שורות קודמות להחלטה),מחירון 2024: 65,
8008053,"DTM- 50 cm - בין 5- 50 קמ""ר",3,7,5883.05,נקבע מחיר בוועדה,"מוצר גובה (4) | עד 5 קמ""ר = 66 ₪ לקמ""ר; מוצר גובה (4) | 5-50 קמ""ר = 63 ₪ לקמ""ר; מוצר גובה (4) | 50-500 קמ""ר = 57 ₪ לקמ""ר; מוצר גובה (4) | 500-2000 קמ""ר = 52 ₪ לקמ""ר; מוצר גובה (4) | מעל 2000 קמ""ר = 47 ₪ לקמ""ר",2020-06-07,"47, 52, 57, 63, 66",,,218.4,"לא ניתן לבדוק (מחיר לקמ""ר)","מחירון 2024: 47, 52, 57, 63, 66",מוצר גובה (4) בפרוטוקול = DTM לפי זהות המחירים
8003884,"דמי טפול לצריבה ו/או משלוח בדוא""ל",2,363,5807.97,נקבע מחיר בוועדה,דמי טיפול = 0,2023-05-03,0,15.0,15.0,,"בוטל (0 ₪); 61 שורות נגבו מחודש ההחלטה והלאה, בסך 990 ₪",,הפרוטוקול (3.5.23) ביטל דמי טיפול; החיוב נפסק ביולי 2023
2022234,ס.שבילים/04 - הכרמל,3,18,3058.26,נקבע מחיר בוועדה,מפות סימון שבילים | מפה בודדת מנוילנת = 65 ₪ (קודם: 84); מפות סימון שבילים | מפה בודדת - מחיר בכנסים = 60 ₪ (קודם: 84),2022-11-14,"60, 65",186.0,65.0,65.0,71% מ-17 השורות שמיום ההחלטה = המחיר שנקבע או כפולה שלו (1 שורות קודמות להחלטה),מחירון 2024: 65,
8008058,"DSM- 50 cm - בין 5- 50 קמ""ר",3,1,2927.9,נקבע מחיר בוועדה,"מוצר גובה (2) | עד 5 קמ""ר = 73 ₪ לקמ""ר; מוצר גובה (2) | 5-50 קמ""ר = 67 ₪ לקמ""ר; מוצר גובה (2) | 50-500 קמ""ר = 63 ₪ לקמ""ר; מוצר גובה (2) | 500-2000 קמ""ר = 56 ₪ לקמ""ר; מוצר גובה (2) | מעל 2000 קמ""ר = 53 ₪ לקמ""ר",2020-06-07,"53, 56, 63, 67, 73",2927.9,,,"לא ניתן לבדוק (מחיר לקמ""ר)","מחירון 2024: 53, 56, 63, 67, 73",מוצר גובה (2) בפרוטוקול 7.6.20 = DSM לפי זהות המחירים
2022233,ס.שבילים/03 - הגליל התחתון,3,10,2891.52,נקבע מחיר בוועדה,מפות סימון שבילים | מפה בודדת מנוילנת = 65 ₪ (קודם: 84); מפות סימון שבילים | מפה בודדת - מחיר בכנסים = 60 ₪ (קודם: 84),2022-11-14,"60, 65",186.0,65.0,65.0,67% מ-9 השורות שמיום ההחלטה = המחיר שנקבע או כפולה שלו (1 שורות קודמות להחלטה),מחירון 2024: 65,
2022238,ס.שבילים/11 - ד.מדבר יהודה,3,7,2800.28,נקבע מחיר בוועדה,מפות סימון שבילים | מפה בודדת מנוילנת = 65 ₪ (קודם: 84); מפות סימון שבילים | מפה בודדת - מחיר בכנסים = 60 ₪ (קודם: 84),2022-11-14,"60, 65",124.0,65.0,52.0,50% מ-6 השורות שמיום ההחלטה = המחיר שנקבע או כפולה שלו (1 שורות קודמות להחלטה),מחירון 2024: 65,
2022240,ס.שבילים/15 - הנגב התיכון,3,6,2416.53,נקבע מחיר בוועדה,מפות סימון שבילים | מפה בודדת מנוילנת = 65 ₪ (קודם: 84); מפות סימון שבילים | מפה בודדת - מחיר בכנסים = 60 ₪ (קודם: 84),2022-11-14,"60, 65",,65.0,42.25,33% מ-6 השורות שמיום ההחלטה = המחיר שנקבע או כפולה שלו,מחירון 2024: 65,
2022266,ס.שבילים/12 - ד.השפלה וש.הר חברון,3,8,2413.52,נקבע מחיר בוועדה,מפות סימון שבילים | מפה בודדת מנוילנת = 65 ₪ (קודם: 84); מפות סימון שבילים | מפה בודדת - מחיר בכנסים = 60 ₪ (קודם: 84),2022-11-14,"60, 65",,65.0,42.25,50% מ-8 השורות שמיום ההחלטה = המחיר שנקבע או כפולה שלו,מחירון 2024: 65,
3210,סט 19 מפות,3,2,2360.0,נקבע מחיר בוועדה,"מפות סימון שבילים | סט מנוילן = 1,000 ₪ (קודם: 1360)",2022-11-14,"1,000",1360.0,1000.0,,100% מ-1 השורות שמיום ההחלטה = המחיר שנקבע או כפולה שלו (1 שורות קודמות להחלטה),"מחירון 2024: 1,000",
2022259,ס.שבילים/19 - מישורי פארן ונחלים,3,3,2347.53,נקבע מחיר בוועדה,מפות סימון שבילים | מפה בודדת מנוילנת = 65 ₪ (קודם: 84); מפות סימון שבילים | מפה בודדת - מחיר בכנסים = 60 ₪ (קודם: 84),2022-11-14,"60, 65",,55.25,42.25,0% מ-3 השורות שמיום ההחלטה = המחיר שנקבע או כפולה שלו,מחירון 2024: 65,
2022239,ס.שבילים/14 - צ.הערבה מ.הנגב,3,6,2067.52,נקבע מחיר בוועדה,מפות סימון שבילים | מפה בודדת מנוילנת = 65 ₪ (קודם: 84); מפות סימון שבילים | מפה בודדת - מחיר בכנסים = 60 ₪ (קודם: 84),2022-11-14,"60, 65",,65.0,42.25,50% מ-6 השורות שמיום ההחלטה = המחיר שנקבע או כפולה שלו,מחירון 2024: 65,
2022231,ס.שבילים/01 - החרמון והגולן,3,12,1912.26,נקבע מחיר בוועדה,מפות סימון שבילים | מפה בודדת מנוילנת = 65 ₪ (קודם: 84); מפות סימון שבילים | מפה בודדת - מחיר בכנסים = 60 ₪ (קודם: 84),2022-11-14,"60, 65",186.0,65.0,65.0,73% מ-11 השורות שמיום ההחלטה = המחיר שנקבע או כפולה שלו (1 שורות קודמות להחלטה),מחירון 2024: 65,
2022237,ס.שבילים/13 - מ.חוף הנגב,3,9,1858.02,נקבע מחיר בוועדה,מפות סימון שבילים | מפה בודדת מנוילנת = 65 ₪ (קודם: 84); מפות סימון שבילים | מפה בודדת - מחיר בכנסים = 60 ₪ (קודם: 84),2022-11-14,"60, 65",,65.0,65.0,56% מ-9 השורות שמיום ההחלטה = המחיר שנקבע או כפולה שלו,מחירון 2024: 65,
2022258,ס.שבילים/10 - גוש דן וחוף פלשת,3,11,1822.01,נקבע מחיר בוועדה,מפות סימון שבילים | מפה בודדת מנוילנת = 65 ₪ (קודם: 84); מפות סימון שבילים | מפה בודדת - מחיר בכנסים = 60 ₪ (קודם: 84),2022-11-14,"60, 65",124.0,65.0,65.0,60% מ-10 השורות שמיום ההחלטה = המחיר שנקבע או כפולה שלו (1 שורות קודמות להחלטה),מחירון 2024: 65,
2022232,ס.שבילים/02 - הגליל העליון,3,10,1652.76,נקבע מחיר בוועדה,מפות סימון שבילים | מפה בודדת מנוילנת = 65 ₪ (קודם: 84); מפות סימון שבילים | מפה בודדת - מחיר בכנסים = 60 ₪ (קודם: 84),2022-11-14,"60, 65",124.0,65.0,65.0,62% מ-8 השורות שמיום ההחלטה = המחיר שנקבע או כפולה שלו (2 שורות קודמות להחלטה),מחירון 2024: 65,
7222026,סט מפות סימון שבילים - כנסים,3,2,1600.0,נקבע מחיר בוועדה,מפות סימון שבילים | סט מנוילן - מחיר בכנסים = 800 ₪ (קודם: 1360),2022-11-14,800,,800.0,,100% מ-2 השורות שמיום ההחלטה = המחיר שנקבע או כפולה שלו,"מחירון 2024: 1,000",
2022235,ס.שבילים/09 - מבואות ירושלים,3,12,1587.25,נקבע מחיר בוועדה,מפות סימון שבילים | מפה בודדת מנוילנת = 65 ₪ (קודם: 84); מפות סימון שבילים | מפה בודדת - מחיר בכנסים = 60 ₪ (קודם: 84),2022-11-14,"60, 65",124.0,65.0,65.0,50% מ-10 השורות שמיום ההחלטה = המחיר שנקבע או כפולה שלו (2 שורות קודמות להחלטה),מחירון 2024: 65,
2022252,"ס.שבילים/07 - השרון,מ. השומרון",3,7,1499.26,נקבע מחיר בוועדה,מפות סימון שבילים | מפה בודדת מנוילנת = 65 ₪ (קודם: 84); מפות סימון שבילים | מפה בודדת - מחיר בכנסים = 60 ₪ (קודם: 84),2022-11-14,"60, 65",186.0,65.0,208.0,33% מ-6 השורות שמיום ההחלטה = המחיר שנקבע או כפולה שלו (1 שורות קודמות להחלטה),מחירון 2024: 65,
2022243,ס.שבילים/20 - הרי אילת,3,3,1457.27,נקבע מחיר בוועדה,מפות סימון שבילים | מפה בודדת מנוילנת = 65 ₪ (קודם: 84); מפות סימון שבילים | מפה בודדת - מחיר בכנסים = 60 ₪ (קודם: 84),2022-11-14,"60, 65",,,42.25,33% מ-3 השורות שמיום ההחלטה = המחיר שנקבע או כפולה שלו,מחירון 2024: 65,
17442,מפה מס' 4 (הכרמל),3,17,1314.0,נקבע מחיר בוועדה,מפות סימון שבילים | מפה בודדת מנוילנת = 65 ₪ (קודם: 84); מפות סימון שבילים | מפה בודדת - מחיר בכנסים = 60 ₪ (קודם: 84),2022-11-14,"60, 65",84.0,65.0,,50% מ-12 השורות שמיום ההחלטה = המחיר שנקבע או כפולה שלו (5 שורות קודמות להחלטה),מחירון 2024: 65,
8008048,"DTM- 10 m - בין 5- 50 קמ""ר",3,2,1246.41,נקבע מחיר בוועדה,"מוצר גובה (8) | עד 5 קמ""ר = 34 ₪ לקמ""ר; מוצר גובה (8) | 5-50 קמ""ר = 33 ₪ לקמ""ר; מוצר גובה (8) | 50-500 קמ""ר = 28 ₪ לקמ""ר; מוצר גובה (8) | 500-2000 קמ""ר = 12 ₪ לקמ""ר; מוצר גובה (8) | מעל 2000 קמ""ר = 12 ₪ לקמ""ר",2020-06-07,"12, 28, 33, 34",608.52,,,"לא ניתן לבדוק (מחיר לקמ""ר)",,"מוצר גובה (8) = DTM רסטר 10 מטר לפיקסל, לפי פרוטוקול 23.7.20; לא מופיע במחירון"
2022241,ס.שבילים/17 - ערבה תיכונה,3,3,1022.51,נקבע מחיר בוועדה,מפות סימון שבילים | מפה בודדת מנוילנת = 65 ₪ (קודם: 84); מפות סימון שבילים | מפה בודדת - מחיר בכנסים = 60 ₪ (קודם: 84),2022-11-14,"60, 65",,55.25,42.25,0% מ-3 השורות שמיום ההחלטה = המחיר שנקבע או כפולה שלו,מחירון 2024: 65,
2022242,ס.שבילים/18 - מע. הר הנגב,3,4,961.26,נקבע מחיר בוועדה,מפות סימון שבילים | מפה בודדת מנוילנת = 65 ₪ (קודם: 84); מפות סימון שבילים | מפה בודדת - מחיר בכנסים = 60 ₪ (קודם: 84),2022-11-14,"60, 65",,,42.25,25% מ-4 השורות שמיום ההחלטה = המחיר שנקבע או כפולה שלו,מחירון 2024: 65,
17412,"מפה מס' 1 (חרמון, גולן ואצבע הגליל) עם למינציה",3,10,783.0,נקבע מחיר בוועדה,מפות סימון שבילים | מפה בודדת מנוילנת = 65 ₪ (קודם: 84); מפות סימון שבילים | מפה בודדת - מחיר בכנסים = 60 ₪ (קודם: 84),2022-11-14,"60, 65",84.0,65.0,,75% מ-4 השורות שמיום ההחלטה = המחיר שנקבע או כפולה שלו (6 שורות קודמות להחלטה),מחירון 2024: 65,
2022270,ס.שבילים/05-6 - ב. הירדן ומז.השומרון,3,5,667.76,נקבע מחיר בוועדה,מפות סימון שבילים | מפה בודדת מנוילנת = 65 ₪ (קודם: 84); מפות סימון שבילים | מפה בודדת - מחיר בכנסים = 60 ₪ (קודם: 84),2022-11-14,"60, 65",,55.25,42.25,20% מ-5 השורות שמיום ההחלטה = המחיר שנקבע או כפולה שלו,מחירון 2024: 65,
17422,מפה מס' 2 (הגליל העליון) עם למינציה,3,7,550.0,נקבע מחיר בוועדה,מפות סימון שבילים | מפה בודדת מנוילנת = 65 ₪ (קודם: 84); מפות סימון שבילים | מפה בודדת - מחיר בכנסים = 60 ₪ (קודם: 84),2022-11-14,"60, 65",84.0,65.0,,100% מ-2 השורות שמיום ההחלטה = המחיר שנקבע או כפולה שלו (5 שורות קודמות להחלטה),מחירון 2024: 65,
8008068,"ענן נקודות DSM- בין 5- 50 קמ""ר",3,1,520.27,נקבע מחיר בוועדה,"מוצר גובה (1) | עד 5 קמ""ר = 69 ₪ לקמ""ר; מוצר גובה (1) | 5-50 קמ""ר = 65 ₪ לקמ""ר; מוצר גובה (1) | 50-500 קמ""ר = 59 ₪ לקמ""ר; מוצר גובה (1) | 500-2000 קמ""ר = 54 ₪ לקמ""ר; מוצר גובה (1) | מעל 2000 קמ""ר = 49 ₪ לקמ""ר",2020-06-07,"49, 54, 59, 65, 69",,,520.27,"לא ניתן לבדוק (מחיר לקמ""ר)","מחירון 2024: 49, 54, 59, 65, 69",מוצר גובה (1) בפרוטוקול = ענן נקודות לפי זהות המחירים
32992,מפה מס' 3 תבור וגלבוע,3,5,363.0,נקבע מחיר בוועדה,מפות סימון שבילים | מפה בודדת מנוילנת = 65 ₪ (קודם: 84); מפות סימון שבילים | מפה בודדת - מחיר בכנסים = 60 ₪ (קודם: 84),2022-11-14,"60, 65",84.0,65.0,,100% מ-3 השורות שמיום ההחלטה = המחיר שנקבע או כפולה שלו (2 שורות קודמות להחלטה),מחירון 2024: 65,
17532,מפה מס' 20 (הרי אילת),3,4,317.0,נקבע מחיר בוועדה,מפות סימון שבילים | מפה בודדת מנוילנת = 65 ₪ (קודם: 84); מפות סימון שבילים | מפה בודדת - מחיר בכנסים = 60 ₪ (קודם: 84),2022-11-14,"60, 65",84.0,65.0,,50% מ-2 השורות שמיום ההחלטה = המחיר שנקבע או כפולה שלו (2 שורות קודמות להחלטה),מחירון 2024: 65,
17522,מפה מס' 18 (מערב הר הנגב),3,4,317.0,נקבע מחיר בוועדה,מפות סימון שבילים | מפה בודדת מנוילנת = 65 ₪ (קודם: 84); מפות סימון שבילים | מפה בודדת - מחיר בכנסים = 60 ₪ (קודם: 84),2022-11-14,"60, 65",84.0,65.0,,50% מ-2 השורות שמיום ההחלטה = המחיר שנקבע או כפולה שלו (2 שורות קודמות להחלטה),מחירון 2024: 65,
17501,מפת סימון שבילים מס' 15,3,4,298.0,נקבע מחיר בוועדה,מפות סימון שבילים | מפה בודדת מנוילנת = 65 ₪ (קודם: 84); מפות סימון שבילים | מפה בודדת - מחיר בכנסים = 60 ₪ (קודם: 84),2022-11-14,"60, 65",84.0,65.0,,100% מ-2 השורות שמיום ההחלטה = המחיר שנקבע או כפולה שלו (2 שורות קודמות להחלטה),מחירון 2024: 65,
31512,מפה מס' 7 (השרון ומערב השרון),3,3,233.0,נקבע מחיר בוועדה,מפות סימון שבילים | מפה בודדת מנוילנת = 65 ₪ (קודם: 84); מפות סימון שבילים | מפה בודדת - מחיר בכנסים = 60 ₪ (קודם: 84),2022-11-14,"60, 65",84.0,65.0,,100% מ-1 השורות שמיום ההחלטה = המחיר שנקבע או כפולה שלו (2 שורות קודמות להחלטה),מחירון 2024: 65,
32212,מפת סימון שבילים מס' 19,3,3,233.0,נקבע מחיר בוועדה,מפות סימון שבילים | מפה בודדת מנוילנת = 65 ₪ (קודם: 84); מפות סימון שבילים | מפה בודדת - מחיר בכנסים = 60 ₪ (קודם: 84),2022-11-14,"60, 65",84.0,65.0,,100% מ-1 השורות שמיום ההחלטה = המחיר שנקבע או כפולה שלו (2 שורות קודמות להחלטה),מחירון 2024: 65,
31972,מפה מס' 10 (גוש דן וחוף פלשתין),3,3,214.0,נקבע מחיר בוועדה,מפות סימון שבילים | מפה בודדת מנוילנת = 65 ₪ (קודם: 84); מפות סימון שבילים | מפה בודדת - מחיר בכנסים = 60 ₪ (קודם: 84),2022-11-14,"60, 65",84.0,65.0,,100% מ-2 השורות שמיום ההחלטה = המחיר שנקבע או כפולה שלו (1 שורות קודמות להחלטה),מחירון 2024: 65,
32991,מפה מס' 5-6 בקעת הירדן,3,3,214.0,נקבע מחיר בוועדה,מפות סימון שבילים | מפה בודדת מנוילנת = 65 ₪ (קודם: 84); מפות סימון שבילים | מפה בודדת - מחיר בכנסים = 60 ₪ (קודם: 84),2022-11-14,"60, 65",84.0,65.0,,100% מ-2 השורות שמיום ההחלטה = המחיר שנקבע או כפולה שלו (1 שורות קודמות להחלטה),מחירון 2024: 65,
32532,מפה מס' 12 (דרום השפלה) עם למינציה,3,3,195.0,נקבע מחיר בוועדה,מפות סימון שבילים | מפה בודדת מנוילנת = 65 ₪ (קודם: 84); מפות סימון שבילים | מפה בודדת - מחיר בכנסים = 60 ₪ (קודם: 84),2022-11-14,"60, 65",,65.0,,100% מ-3 השורות שמיום ההחלטה = המחיר שנקבע או כפולה שלו,מחירון 2024: 65,
17472,מפה מס' 13 (מישור חוף הנגב) עם למינציה,3,2,149.0,נקבע מחיר בוועדה,מפות סימון שבילים | מפה בודדת מנוילנת = 65 ₪ (קודם: 84); מפות סימון שבילים | מפה בודדת - מחיר בכנסים = 60 ₪ (קודם: 84),2022-11-14,"60, 65",84.0,65.0,,100% מ-1 השורות שמיום ההחלטה = המחיר שנקבע או כפולה שלו (1 שורות קודמות להחלטה),מחירון 2024: 65,
17492,מפה מס' 14 (צפון הערבה ומזרח) עם למינציה,3,2,149.0,נקבע מחיר בוועדה,מפות סימון שבילים | מפה בודדת מנוילנת = 65 ₪ (קודם: 84); מפות סימון שבילים | מפה בודדת - מחיר בכנסים = 60 ₪ (קודם: 84),2022-11-14,"60, 65",84.0,65.0,,100% מ-1 השורות שמיום ההחלטה = המחיר שנקבע או כפולה שלו (1 שורות קודמות להחלטה),מחירון 2024: 65,
17511,מפת סימון שבילים מס' 17,3,2,149.0,נקבע מחיר בוועדה,מפות סימון שבילים | מפה בודדת מנוילנת = 65 ₪ (קודם: 84); מפות סימון שבילים | מפה בודדת - מחיר בכנסים = 60 ₪ (קודם: 84),2022-11-14,"60, 65",84.0,65.0,,100% מ-1 השורות שמיום ההחלטה = המחיר שנקבע או כפולה שלו (1 שורות קודמות להחלטה),מחירון 2024: 65,
17451,מפת סימון שבילים מבואות ירושלים,3,2,130.0,נקבע מחיר בוועדה,מפות סימון שבילים | מפה בודדת מנוילנת = 65 ₪ (קודם: 84); מפות סימון שבילים | מפה בודדת - מחיר בכנסים = 60 ₪ (קודם: 84),2022-11-14,"60, 65",,65.0,,100% מ-2 השורות שמיום ההחלטה = המחיר שנקבע או כפולה שלו,מחירון 2024: 65,
17482,מפה מס' 11 (דרום מדבר יהודה),3,1,65.0,נקבע מחיר בוועדה,מפות סימון שבילים | מפה בודדת מנוילנת = 65 ₪ (קודם: 84); מפות סימון שבילים | מפה בודדת - מחיר בכנסים = 60 ₪ (קודם: 84),2022-11-14,"60, 65",,65.0,,100% מ-1 השורות שמיום ההחלטה = המחיר שנקבע או כפולה שלו,מחירון 2024: 65,
8005050,תעודת עובד ציבור תחום מחקר,2,1,300.0,נקבע מחיר (קישור משוער),תעודת עובד ציבור לזריחת השמש ושקיעתה | לבית משפט = 300 ₪ לתעודה (קודם: 100),ללא תאריך (כנראה 28.7.2022),300,,300.0,,100% מ-1 השורות שמיום ההחלטה = המחיר שנקבע או כפולה שלו,מחירון 2024: 300,קישור משוער: 300 = מחיר תעודת זריחה/שקיעה
8006243,מיפוי ימי,3,14,1562696.79,"מחיר ""מומלץ"" שלא אושר במפורש","קווי עומק (2,5,10,20,30,40,50,100,200, קפיצות של 100) | שכבת מידע - כיסוי ארצי = 19,500 ₪ (ארצי); נתיבי הפלגה | שכבת מידע - כיסוי ארצי = 1,150 ₪ (ארצי); עזרי ניווט (מצופים, אורות ותמרורים) | שכבת מידע - כיסוי ארצי = 15,950 ₪ (ארצי); עזרי ניווט (מצופים, אורות ותמרורים) | שכבת מידע - לפי יחידה = 13 ₪ לישות; מכשולי ניווט ואניות טבועות | שכבת מידע - כיסוי ארצי = 39,500 ₪ (ארצי); מכשולי ניווט ואניות טבועות | שכבת מידע - לפי יחידה = 160 ₪ לישות; תחומי נמלים | שכבת מידע - כיסוי ארצי = 2,900 ₪ (ארצי); איזורי עגינה ומעגלי עגינה | שכבת מידע - כיסוי ארצי = 1,950 ₪ (ארצי); סוג קרקעית | שכבת מידע - כיסוי ארצי = 7,800 ₪ (ארצי); סוג קרקעית | שכבת מידע - לפי יחידה = 5 ₪ לקמ""ר; תיחומי תשתיות | שכבת מידע - כיסוי ארצי = 1,950 ₪ (ארצי); מפה מעוגנת בקנ""מ 1:90,000, 1:22,000, 1:12,000 | רסטר - למפה = 400 ₪ למפה; מפת נייר (ימית) | למפה = 130 ₪ למפה; חבילה 1 - חבילה כוללת של שכבות מידע ממאגר NIS | חבילה = 68,000 ₪ לחבילה; חבילה 2 - סט דיגיטלי של 13 מפות קנ""מ מפורט (4,000-12,000) | חבילה = 3,900 ₪ לחבילה; חבילה 3 - סט דיגיטלי של 22 מפות קנ""מ 22,000 | חבילה = 6,600 ₪ לחבילה; חבילה 4 - סט דיגיטלי של 3 מפות קנ""מ 90,000 | חבילה = 900 ₪ לחבילה; חבילה 5 - סט דיגיטלי של 38 מפות כל קני המידה בשטח מים ריבוניים | חבילה = 11,400 ₪ לחבילה",2020-08-16,"5, 13, 130, 160, 400, 900, 1,150, 1,950, 2,900, 3,900, 6,600, 7,800, 11,400, 15,950, 19,500, 39,500, 68,000",725.1,2550.33,684.93,"לא ניתן לבדוק (מחיר לקמ""ר)",,"מק""ט כללי; הסכומים (עד 275k) לא ניתנים לפירוק למוצרים"
8008031,משטח עומקים בתימטרי רזולוציה 25 מ' לפיקס,3,2,16348.94,"מחיר ""מומלץ"" שלא אושר במפורש","משטח עומקים בתימטרי | רזולוציה 25 מטר לפיקסל = 93 ₪ לקמ""ר",2020-08-16,93,2222.7,,14126.24,"לא ניתן לבדוק (מחיר לקמ""ר)",,
2022311,ימית-ראש הנקרה-קיסריה.ים התיכון-ישראל,3,5,6175.0,"מחיר ""מומלץ"" שלא אושר במפורש",מפת נייר (ימית) | למפה = 130 ₪ למפה,2020-08-16,130,5395.0,130.0,390.0,80% מ-5 השורות שמיום ההחלטה = המחיר שנקבע או כפולה שלו,מחירון 2024: 130,
2022273,ימית-קיסריה-פלמחים.ים התיכון-ישראל,3,2,5525.0,"מחיר ""מומלץ"" שלא אושר במפורש",מפת נייר (ימית) | למפה = 130 ₪ למפה,2020-08-16,130,5395.0,130.0,,50% מ-2 השורות שמיום ההחלטה = המחיר שנקבע או כפולה שלו,מחירון 2024: 130,
2022304,ימית-תל אביב יפו,3,12,3581.5,"מחיר ""מומלץ"" שלא אושר במפורש",מפת נייר (ימית) | למפה = 130 ₪ למפה,2020-08-16,130,130.0,130.0,1040.0,83% מ-12 השורות שמיום ההחלטה = המחיר שנקבע או כפולה שלו,מחירון 2024: 130,
2022275,ימית-ים התיכון-ישראל פלמחים-עזה,3,1,3452.8,"מחיר ""מומלץ"" שלא אושר במפורש",מפת נייר (ימית) | למפה = 130 ₪ למפה,2020-08-16,130,3452.8,,,0% מ-1 השורות שמיום ההחלטה = המחיר שנקבע או כפולה שלו,מחירון 2024: 130,
2022281,ימית-הרצליה עומקים במטרים,3,7,2683.2,"מחיר ""מומלץ"" שלא אושר במפורש",מפת נייר (ימית) | למפה = 130 ₪ למפה,2020-08-16,130,130.0,130.0,44.2,71% מ-7 השורות שמיום ההחלטה = המחיר שנקבע או כפולה שלו,מחירון 2024: 130,
2027700,מפה ימית אילת,3,3,2418.0,"מחיר ""מומלץ"" שלא אושר במפורש",מפת נייר (ימית) | למפה = 130 ₪ למפה,2020-08-16,130,130.0,,130.0,67% מ-3 השורות שמיום ההחלטה = המחיר שנקבע או כפולה שלו,מחירון 2024: 130,
2022267,ימית-חיפה עומקים במטרים,3,10,2015.0,"מחיר ""מומלץ"" שלא אושר במפורש",מפת נייר (ימית) | למפה = 130 ₪ למפה,2020-08-16,130,65.0,130.0,130.0,70% מ-10 השורות שמיום ההחלטה = המחיר שנקבע או כפולה שלו,מחירון 2024: 130,
2022298,ימית-נמל חדרה,3,3,1820.0,"מחיר ""מומלץ"" שלא אושר במפורש",מפת נייר (ימית) | למפה = 130 ₪ למפה,2020-08-16,130,650.0,130.0,,100% מ-3 השורות שמיום ההחלטה = המחיר שנקבע או כפולה שלו,מחירון 2024: 130,
8008030,משטח עומקים בתימטרי רזולוציה 5 מ' לפיקסל,3,1,1705.15,"מחיר ""מומלץ"" שלא אושר במפורש","משטח עומקים בתימטרי | רזולוציה 5 מטר לפיקסל = 930 ₪ לקמ""ר",2020-08-16,930,,1705.15,,"לא ניתן לבדוק (מחיר לקמ""ר)",,
2022274,ימית-ים התיכון-ישראל,3,7,1430.0,"מחיר ""מומלץ"" שלא אושר במפורש",מפת נייר (ימית) | למפה = 130 ₪ למפה,2020-08-16,130,130.0,130.0,390.0,100% מ-7 השורות שמיום ההחלטה = המחיר שנקבע או כפולה שלו,מחירון 2024: 130,
3342,מפה ימית מעגנת הרצליה,3,10,1300.0,"מחיר ""מומלץ"" שלא אושר במפורש",מפת נייר (ימית) | למפה = 130 ₪ למפה,2020-08-16,130,130.0,130.0,,100% מ-10 השורות שמיום ההחלטה = המחיר שנקבע או כפולה שלו,מחירון 2024: 130,
3419,מפה ימית תל אביב,3,10,1300.0,"מחיר ""מומלץ"" שלא אושר במפורש",מפת נייר (ימית) | למפה = 130 ₪ למפה,2020-08-16,130,130.0,130.0,,100% מ-10 השורות שמיום ההחלטה = המחיר שנקבע או כפולה שלו,מחירון 2024: 130,
2022162,סט מפות ימיות,3,3,1296.0,"מחיר ""מומלץ"" שלא אושר במפורש",מפת נייר (ימית) | למפה = 130 ₪ למפה,2020-08-16,130,432.0,,432.0,0% מ-3 השורות שמיום ההחלטה = המחיר שנקבע או כפולה שלו,מחירון 2024: 130,
720301,מפה ימית הים התיכון,3,7,910.0,"מחיר ""מומלץ"" שלא אושר במפורש",מפת נייר (ימית) | למפה = 130 ₪ למפה,2020-08-16,130,130.0,130.0,,100% מ-7 השורות שמיום ההחלטה = המחיר שנקבע או כפולה שלו,מחירון 2024: 130,
720302,מפה ימית מפרץ חיפה,3,7,910.0,"מחיר ""מומלץ"" שלא אושר במפורש",מפת נייר (ימית) | למפה = 130 ₪ למפה,2020-08-16,130,130.0,130.0,,100% מ-7 השורות שמיום ההחלטה = המחיר שנקבע או כפולה שלו,מחירון 2024: 130,
2022301,ימית-נמל אשדוד,3,2,520.0,"מחיר ""מומלץ"" שלא אושר במפורש",מפת נייר (ימית) | למפה = 130 ₪ למפה,2020-08-16,130,130.0,,390.0,100% מ-2 השורות שמיום ההחלטה = המחיר שנקבע או כפולה שלו,מחירון 2024: 130,
2022287,ימית-אשקלון,3,1,260.0,"מחיר ""מומלץ"" שלא אושר במפורש",מפת נייר (ימית) | למפה = 130 ₪ למפה,2020-08-16,130,260.0,,,100% מ-1 השורות שמיום ההחלטה = המחיר שנקבע או כפולה שלו,מחירון 2024: 130,
3254,מפה ימית חיפה והצפון,3,2,260.0,"מחיר ""מומלץ"" שלא אושר במפורש",מפת נייר (ימית) | למפה = 130 ₪ למפה,2020-08-16,130,,130.0,,100% מ-2 השורות שמיום ההחלטה = המחיר שנקבע או כפולה שלו,מחירון 2024: 130,
3364,מפה ימית אשקלון,3,2,260.0,"מחיר ""מומלץ"" שלא אושר במפורש",מפת נייר (ימית) | למפה = 130 ₪ למפה,2020-08-16,130,130.0,,,100% מ-2 השורות שמיום ההחלטה = המחיר שנקבע או כפולה שלו,מחירון 2024: 130,
720303,מפה ימית אשדוד,3,1,130.0,"מחיר ""מומלץ"" שלא אושר במפורש",מפת נייר (ימית) | למפה = 130 ₪ למפה,2020-08-16,130,130.0,,,100% מ-1 השורות שמיום ההחלטה = המחיר שנקבע או כפולה שלו,מחירון 2024: 130,
3307,מפה ימית פלמחים וקיסריה,3,1,130.0,"מחיר ""מומלץ"" שלא אושר במפורש",מפת נייר (ימית) | למפה = 130 ₪ למפה,2020-08-16,130,,130.0,,100% מ-1 השורות שמיום ההחלטה = המחיר שנקבע או כפולה שלו,מחירון 2024: 130,
720304,מפה ימית מפרץ אילת,3,1,130.0,"מחיר ""מומלץ"" שלא אושר במפורש",מפת נייר (ימית) | למפה = 130 ₪ למפה,2020-08-16,130,130.0,,,100% מ-1 השורות שמיום ההחלטה = המחיר שנקבע או כפולה שלו,מחירון 2024: 130,
3403,מפה ימית חדרה,3,1,130.0,"מחיר ""מומלץ"" שלא אושר במפורש",מפת נייר (ימית) | למפה = 130 ₪ למפה,2020-08-16,130,,130.0,,100% מ-1 השורות שמיום ההחלטה = המחיר שנקבע או כפולה שלו,מחירון 2024: 130,
44437001,"מוצרי ארכיון תצ""א",3,2031,1695803.0,"הוחלט, אך המחיר לא בחומר שנמסר","תצלומי אוויר (תצ""א) | כלל המוצרים לפי טבלת אלעד אסרף: עדכון מחיר",2023-05-03,,,450.0,450.0,,"מחירון 2024: 235, 350, 450, 500, 550, 585, 600, 650 …","מק""ט מאוחד לכל מוצרי הארכיון"
721715,הגדלה דיגיטלית,2,1079,486200.0,"הוחלט, אך המחיר לא בחומר שנמסר","תצלומי אוויר (תצ""א) | כלל המוצרים לפי טבלת אלעד אסרף: עדכון מחיר",2023-05-03,,340.0,340.0,,,"מחירון 2024: 450, 500",נמכר ב-340/395 ב-2022-2023; מחירון 2024: 450/500
8003891,סריקה פוטוגרמטרית  תצלום מ 10-16 מיקרון,2,281,403987.15,"הוחלט, אך המחיר לא בחומר שנמסר","תצלומי אוויר (תצ""א) | כלל המוצרים לפי טבלת אלעד אסרף: עדכון מחיר",2023-05-03,,540.0,270.0,350.0,,"מחירון 2024: 235, 350",
721709,"תצ""א שחור לבן - קובץ סרוק",3,526,337770.0,"הוחלט, אך המחיר לא בחומר שנמסר","תצלומי אוויר (תצ""א) | כלל המוצרים לפי טבלת אלעד אסרף: עדכון מחיר",2023-05-03,,270.0,270.0,,,"מחירון 2024: 235, 350",
721704,"תצ""א שחור לבן - קובץ סרוק",3,483,202860.0,"הוחלט, אך המחיר לא בחומר שנמסר","תצלומי אוויר (תצ""א) | כלל המוצרים לפי טבלת אלעד אסרף: עדכון מחיר",2023-05-03,,180.0,180.0,,,"מחירון 2024: 235, 350",
8006990,תצלום אוויר דיגיטאלי ללא תלות ברזולוציה,3,200,187012.5,"הוחלט, אך המחיר לא בחומר שנמסר","תצלומי אוויר (תצ""א) | כלל המוצרים לפי טבלת אלעד אסרף: עדכון מחיר",2023-05-03,,460.0,460.0,570.0,,מחירון 2024: 350,
8003879,סריקהשחור לבן לא פוטו' עד IPD1200,2,168,168820.0,"הוחלט, אך המחיר לא בחומר שנמסר","תצלומי אוויר (תצ""א) | כלל המוצרים לפי טבלת אלעד אסרף: עדכון מחיר",2023-05-03,,180.0,180.0,235.0,,"מחירון 2024: 235, 350",
8007942,"חבילה דיגיטאלית של תצ""א שחור לבן",3,53,142480.0,"הוחלט, אך המחיר לא בחומר שנמסר","תצלומי אוויר (תצ""א) | כלל המוצרים לפי טבלת אלעד אסרף: עדכון מחיר",2023-05-03,,2080.0,1040.0,650.0,,מחירון 2024: 650,
721710,"הגדלה 0.5-0.5 מ""ר",2,163,97280.0,"הוחלט, אך המחיר לא בחומר שנמסר","תצלומי אוויר (תצ""א) | כלל המוצרים לפי טבלת אלעד אסרף: עדכון מחיר",2023-05-03,,380.0,380.0,,,"מחירון 2024: 500, 550",
8006926,"מפה טופוגרפית עדכנית בקנ""מ 1:50,000",3,26,92612.0,"הוחלט, אך המחיר לא בחומר שנמסר","מפות אגף קרטוגרפיה המופקות במפ""י (מפות עיר, מפות טופוגרפיות בקני מידה שונים) | דיגיטלי ונייר (מהתוויין), לא מפות בית הדפוס: עדכון מחיר",2022-06-02,,36.0,36.0,36.0,,מחירון 2024: 36,
721703,"תצ""א צבעונית דיגיטלית",3,151,79580.0,"הוחלט, אך המחיר לא בחומר שנמסר","תצלומי אוויר (תצ""א) | כלל המוצרים לפי טבלת אלעד אסרף: עדכון מחיר",2023-05-03,,230.0,230.0,,,מחירון 2024: 350,
8007941,"הגדלה דיגיטאלית של תצ""א שחור-לבן",2,66,55230.0,"הוחלט, אך המחיר לא בחומר שנמסר","תצלומי אוויר (תצ""א) | כלל המוצרים לפי טבלת אלעד אסרף: עדכון מחיר",2023-05-03,,340.0,340.0,450.0,,מחירון 2024: 450,
721719,הגדלה דיגיטלית,2,83,43845.0,"הוחלט, אך המחיר לא בחומר שנמסר","תצלומי אוויר (תצ""א) | כלל המוצרים לפי טבלת אלעד אסרף: עדכון מחיר",2023-05-03,,395.0,395.0,,,"מחירון 2024: 450, 500",נמכר ב-340/395 ב-2022-2023; מחירון 2024: 450/500
8006925,"מפה טופוגרפית עדכנית בקנ""מ 1:25,000",3,41,42092.5,"הוחלט, אך המחיר לא בחומר שנמסר","מפות אגף קרטוגרפיה המופקות במפ""י (מפות עיר, מפות טופוגרפיות בקני מידה שונים) | דיגיטלי ונייר (מהתוויין), לא מפות בית הדפוס: עדכון מחיר",2022-06-02,,50.0,2885.75,35.0,,מחירון 2024: 35,
8003892,הגדלה 0.25-0.5,2,48,37500.0,"הוחלט, אך המחיר לא בחומר שנמסר","תצלומי אוויר (תצ""א) | כלל המוצרים לפי טבלת אלעד אסרף: עדכון מחיר",2023-05-03,,380.0,380.0,500.0,,"מחירון 2024: 500, 550",
2022163,סט תיור וטיול 1:250000 עברית מקופל,3,110,31609.36,"הוחלט, אך המחיר לא בחומר שנמסר","מפות אגף קרטוגרפיה המופקות במפ""י (מפות עיר, מפות טופוגרפיות בקני מידה שונים) | דיגיטלי ונייר (מהתוויין), לא מפות בית הדפוס: עדכון מחיר",2022-06-02,,32.0,32.0,32.0,,מחירון 2024: 32,
8004840,"מפות רסטר 1:50,000 חלוקה חדשה",3,4,22560.0,"הוחלט, אך המחיר לא בחומר שנמסר","מפות אגף קרטוגרפיה המופקות במפ""י (מפות עיר, מפות טופוגרפיות בקני מידה שונים) | דיגיטלי ונייר (מהתוויין), לא מפות בית הדפוס: עדכון מחיר",2022-06-02,,800.0,,,,,פרוטוקול קרטוגרפיה 2.6.22 (טבלת המחירים לא נמסרה) ומחירי מרכבה שהוצגו ב-14.3.23
721716,"מוצר משולב של תצ""א",2,29,20800.0,"הוחלט, אך המחיר לא בחומר שנמסר","תצלומי אוויר (תצ""א) | כלל המוצרים לפי טבלת אלעד אסרף: עדכון מחיר",2023-05-03,,520.0,520.0,,,מחירון 2024: 650,
8004179,תיור וטיול - ניילון,3,93,16736.19,"הוחלט, אך המחיר לא בחומר שנמסר","מפות אגף קרטוגרפיה המופקות במפ""י (מפות עיר, מפות טופוגרפיות בקני מידה שונים) | דיגיטלי ונייר (מהתוויין), לא מפות בית הדפוס: עדכון מחיר",2022-06-02,,87.0,87.0,87.0,,מחירון 2024: 32,
8006924,מפת עיר חדשה עם/בלי גושים,3,65,14857.3,"הוחלט, אך המחיר לא בחומר שנמסר","מפות אגף קרטוגרפיה המופקות במפ""י (מפות עיר, מפות טופוגרפיות בקני מידה שונים) | דיגיטלי ונייר (מהתוויין), לא מפות בית הדפוס: עדכון מחיר",2022-06-02,,50.0,33.0,66.0,,מחירון 2024: 33,
721711,"הגדלה מקומית של תצ""א",2,18,11760.0,"הוחלט, אך המחיר לא בחומר שנמסר","תצלומי אוויר (תצ""א) | כלל המוצרים לפי טבלת אלעד אסרף: עדכון מחיר",2023-05-03,,420.0,420.0,,,"מחירון 2024: 500, 550",
721717,"הגדלה מקומית של תצ""א צבעוני",2,19,11625.0,"הוחלט, אך המחיר לא בחומר שנמסר","תצלומי אוויר (תצ""א) | כלל המוצרים לפי טבלת אלעד אסרף: עדכון מחיר",2023-05-03,,465.0,465.0,,,"מחירון 2024: 585, 600",
2022164,סט תיור וטיול 1:250000 אנגלית מקופל,3,28,9589.12,"הוחלט, אך המחיר לא בחומר שנמסר","מפות אגף קרטוגרפיה המופקות במפ""י (מפות עיר, מפות טופוגרפיות בקני מידה שונים) | דיגיטלי ונייר (מהתוויין), לא מפות בית הדפוס: עדכון מחיר",2022-06-02,,32.0,32.0,32.0,,מחירון 2024: 32,
8007943,"הגדלה גודל קטן של תצ""א צבעוני",2,11,9075.0,"הוחלט, אך המחיר לא בחומר שנמסר","תצלומי אוויר (תצ""א) | כלל המוצרים לפי טבלת אלעד אסרף: עדכון מחיר",2023-05-03,,465.0,465.0,1170.0,,"מחירון 2024: 585, 600",
8003893,הגדלה 0.5-1,2,7,8920.0,"הוחלט, אך המחיר לא בחומר שנמסר","תצלומי אוויר (תצ""א) | כלל המוצרים לפי טבלת אלעד אסרף: עדכון מחיר",2023-05-03,,840.0,420.0,550.0,,"מחירון 2024: 500, 550",
720103,מפת עיר עם למינציה,3,84,6048.0,"הוחלט, אך המחיר לא בחומר שנמסר","מפות אגף קרטוגרפיה המופקות במפ""י (מפות עיר, מפות טופוגרפיות בקני מידה שונים) | דיגיטלי ונייר (מהתוויין), לא מפות בית הדפוס: עדכון מחיר",2022-06-02,,72.0,72.0,,,מחירון 2024: 33,
721720,"מוצר משולב של תצ""א צבעוני והגדלה",2,9,5900.0,"הוחלט, אך המחיר לא בחומר שנמסר","תצלומי אוויר (תצ""א) | כלל המוצרים לפי טבלת אלעד אסרף: עדכון מחיר",2023-05-03,,590.0,590.0,,,מחירון 2024: 750,
8007945,"הגדלה דיגיטאלית של תצ""א צבעוני",2,6,3395.0,"הוחלט, אך המחיר לא בחומר שנמסר","תצלומי אוויר (תצ""א) | כלל המוצרים לפי טבלת אלעד אסרף: עדכון מחיר",2023-05-03,,395.0,500.0,500.0,,מחירון 2024: 500,
8007946,"חבילה דיגיטאלית של תצ""א צבעוני",3,3,3000.0,"הוחלט, אך המחיר לא בחומר שנמסר","תצלומי אוויר (תצ""א) | כלל המוצרים לפי טבלת אלעד אסרף: עדכון מחיר",2023-05-03,,,750.0,750.0,,מחירון 2024: 750,
721718,"הגדלה מקומית של תצ""א צבעוני",2,5,2880.0,"הוחלט, אך המחיר לא בחומר שנמסר","תצלומי אוויר (תצ""א) | כלל המוצרים לפי טבלת אלעד אסרף: עדכון מחיר",2023-05-03,,480.0,,,,"מחירון 2024: 585, 600",
720402,"מפה טופוגרפית 1:50,000",3,63,2716.0,"הוחלט, אך המחיר לא בחומר שנמסר","מפות אגף קרטוגרפיה המופקות במפ""י (מפות עיר, מפות טופוגרפיות בקני מידה שונים) | דיגיטלי ונייר (מהתוויין), לא מפות בית הדפוס: עדכון מחיר",2022-06-02,,50.0,50.0,36.0,,מחירון 2024: 36,
3180,מפת ישראל תיור וטיול עם למינציה,3,27,2349.0,"הוחלט, אך המחיר לא בחומר שנמסר","מפות אגף קרטוגרפיה המופקות במפ""י (מפות עיר, מפות טופוגרפיות בקני מידה שונים) | דיגיטלי ונייר (מהתוויין), לא מפות בית הדפוס: עדכון מחיר",2022-06-02,,87.0,87.0,,,מחירון 2024: 32,
8004191,תיור וטיול/אנגלית/למינציה,3,11,2275.05,"הוחלט, אך המחיר לא בחומר שנמסר","מפות אגף קרטוגרפיה המופקות במפ""י (מפות עיר, מפות טופוגרפיות בקני מידה שונים) | דיגיטלי ונייר (מהתוויין), לא מפות בית הדפוס: עדכון מחיר",2022-06-02,,87.0,87.0,369.75,,מחירון 2024: 32,
720101,מפת עיר,3,59,2202.0,"הוחלט, אך המחיר לא בחומר שנמסר","מפות אגף קרטוגרפיה המופקות במפ""י (מפות עיר, מפות טופוגרפיות בקני מידה שונים) | דיגיטלי ונייר (מהתוויין), לא מפות בית הדפוס: עדכון מחיר",2022-06-02,,50.0,33.0,,,מחירון 2024: 33,
8007944,"הגדלה גודל גדול של תצ""א צבעוני",2,3,2160.0,"הוחלט, אך המחיר לא בחומר שנמסר","תצלומי אוויר (תצ""א) | כלל המוצרים לפי טבלת אלעד אסרף: עדכון מחיר",2023-05-03,,,600.0,600.0,,"מחירון 2024: 585, 600",
1001,מפת ישראל תיור וטיול,3,66,2112.0,"הוחלט, אך המחיר לא בחומר שנמסר","מפות אגף קרטוגרפיה המופקות במפ""י (מפות עיר, מפות טופוגרפיות בקני מידה שונים) | דיגיטלי ונייר (מהתוויין), לא מפות בית הדפוס: עדכון מחיר",2022-06-02,,32.0,32.0,32.0,,מחירון 2024: 32,
8006855,"מפות רסטר 1:25,000",3,3,1935.0,"הוחלט, אך המחיר לא בחומר שנמסר","מפות אגף קרטוגרפיה המופקות במפ""י (מפות עיר, מפות טופוגרפיות בקני מידה שונים) | דיגיטלי ונייר (מהתוויין), לא מפות בית הדפוס: עדכון מחיר",2022-06-02,,210.0,,,,,פרוטוקול קרטוגרפיה 2.6.22 (טבלת המחירים לא נמסרה) ומחירי מרכבה שהוצגו ב-14.3.23
8006856,מפות עיר דיגיטאליות,3,9,1745.0,"הוחלט, אך המחיר לא בחומר שנמסר","מפות אגף קרטוגרפיה המופקות במפ""י (מפות עיר, מפות טופוגרפיות בקני מידה שונים) | דיגיטלי ונייר (מהתוויין), לא מפות בית הדפוס: עדכון מחיר",2022-06-02,,105.0,,,,,פרוטוקול קרטוגרפיה 2.6.22 (טבלת המחירים לא נמסרה) ומחירי מרכבה שהוצגו ב-14.3.23
720401,"מפה טופוגרפית 1:25,000",3,44,1615.0,"הוחלט, אך המחיר לא בחומר שנמסר","מפות אגף קרטוגרפיה המופקות במפ""י (מפות עיר, מפות טופוגרפיות בקני מידה שונים) | דיגיטלי ונייר (מהתוויין), לא מפות בית הדפוס: עדכון מחיר",2022-06-02,,35.0,35.0,,,מחירון 2024: 35,
8006927,"מפה טופוגרפית עדכנית בקנ""מ 1:100,000",3,7,1475.0,"הוחלט, אך המחיר לא בחומר שנמסר","מפות אגף קרטוגרפיה המופקות במפ""י (מפות עיר, מפות טופוגרפיות בקני מידה שונים) | דיגיטלי ונייר (מהתוויין), לא מפות בית הדפוס: עדכון מחיר",2022-06-02,,100.0,200.0,,,,פרוטוקול קרטוגרפיה 2.6.22 (טבלת המחירים לא נמסרה) ומחירי מרכבה שהוצגו ב-14.3.23
8006854,"מפות רסטר 1:50,000-כיסוי ארצי",3,2,1365.0,"הוחלט, אך המחיר לא בחומר שנמסר","מפות אגף קרטוגרפיה המופקות במפ""י (מפות עיר, מפות טופוגרפיות בקני מידה שונים) | דיגיטלי ונייר (מהתוויין), לא מפות בית הדפוס: עדכון מחיר",2022-06-02,,315.0,1050.0,,,,פרוטוקול קרטוגרפיה 2.6.22 (טבלת המחירים לא נמסרה) ומחירי מרכבה שהוצגו ב-14.3.23
3181,סט מפות תיור וטיול צפון,3,11,957.0,"הוחלט, אך המחיר לא בחומר שנמסר","מפות אגף קרטוגרפיה המופקות במפ""י (מפות עיר, מפות טופוגרפיות בקני מידה שונים) | דיגיטלי ונייר (מהתוויין), לא מפות בית הדפוס: עדכון מחיר",2022-06-02,,87.0,87.0,,,מחירון 2024: 32,
720403,"מפה טופוגרפית 1:100,000",3,19,950.0,"הוחלט, אך המחיר לא בחומר שנמסר","מפות אגף קרטוגרפיה המופקות במפ""י (מפות עיר, מפות טופוגרפיות בקני מידה שונים) | דיגיטלי ונייר (מהתוויין), לא מפות בית הדפוס: עדכון מחיר",2022-06-02,,50.0,50.0,,,,פרוטוקול קרטוגרפיה 2.6.22 (טבלת המחירים לא נמסרה) ומחירי מרכבה שהוצגו ב-14.3.23
720102,מפת עיר עם גוש,3,19,627.0,"הוחלט, אך המחיר לא בחומר שנמסר","מפות אגף קרטוגרפיה המופקות במפ""י (מפות עיר, מפות טופוגרפיות בקני מידה שונים) | דיגיטלי ונייר (מהתוויין), לא מפות בית הדפוס: עדכון מחיר",2022-06-02,,33.0,33.0,,,מחירון 2024: 33,
2022400,סט תיור וטיול 1:250000 עברית שטוח,3,4,352.0,"הוחלט, אך המחיר לא בחומר שנמסר","מפות אגף קרטוגרפיה המופקות במפ""י (מפות עיר, מפות טופוגרפיות בקני מידה שונים) | דיגיטלי ונייר (מהתוויין), לא מפות בית הדפוס: עדכון מחיר",2022-06-02,,32.0,,32.0,,מחירון 2024: 32,
1028,"מפת תיור וטיול 1:450,000",3,9,315.0,"הוחלט, אך המחיר לא בחומר שנמסר","מפות אגף קרטוגרפיה המופקות במפ""י (מפות עיר, מפות טופוגרפיות בקני מידה שונים) | דיגיטלי ונייר (מהתוויין), לא מפות בית הדפוס: עדכון מחיר",2022-06-02,,35.0,35.0,,,מחירון 2024: 20,
1002,מפת ישראל תיור וטיול באנגלית,3,8,256.0,"הוחלט, אך המחיר לא בחומר שנמסר","מפות אגף קרטוגרפיה המופקות במפ""י (מפות עיר, מפות טופוגרפיות בקני מידה שונים) | דיגיטלי ונייר (מהתוויין), לא מפות בית הדפוס: עדכון מחיר",2022-06-02,,32.0,32.0,,,מחירון 2024: 32,
1026,"מפת תיור וטיול 1:450,000",3,7,140.0,"הוחלט, אך המחיר לא בחומר שנמסר","מפות אגף קרטוגרפיה המופקות במפ""י (מפות עיר, מפות טופוגרפיות בקני מידה שונים) | דיגיטלי ונייר (מהתוויין), לא מפות בית הדפוס: עדכון מחיר",2022-06-02,,20.0,20.0,,,מחירון 2024: 20,
7222001,מפת עיר - כנסים,3,4,104.0,"הוחלט, אך המחיר לא בחומר שנמסר","מפות אגף קרטוגרפיה המופקות במפ""י (מפות עיר, מפות טופוגרפיות בקני מידה שונים) | דיגיטלי ונייר (מהתוויין), לא מפות בית הדפוס: עדכון מחיר",2022-06-02,,,26.0,26.0,,מחירון 2024: 33,
41032001,מוצרי אורתופוטו וגבהים,3,114,134803.52,נקבעו הנחה / פטור / מדיניות בלבד,נתוני גבהים | מחיר מינימום להזמנה (פוליגון אזור עניין) = 400 ₪ להזמנה,2020-01-19,400,400.0,400.0,400.0,,,400 = מחיר המינימום לנתוני גבהים (19.1.20)
8004248,"מפה היסטורית צבע עד 0,5 מ' צריבה לDC",3,37,121377.54,נקבעו הנחה / פטור / מדיניות בלבד,"גיליונות מפות קנ""מ 1:50,000 שהודפסו לפני יוני 1967 (מהארכיון) | 12 גיליונות; מבקש: גרשון שטיינברג: פטור (בקשה) (₪ (90 ₪ למפה)); גיליונות מפות קנ""מ 1:50,000 לפני 1967 (גבול מצרים) | 12 גיליונות; גרשון שטיינברג: פטור (₪ (90 ₪ למפה))",2022-07-18; ללא תאריך (כנראה 28.7.2022),,90.0,90.0,90.0,,,קישור חלקי: הפרוטוקול עוסק בפטור ממחיר 90 למפה היסטורית; מחיר 90 עצמו לא נקבע בפרוטוקול שנמסר
8003981,קבצי נתוני גובה בפורמט REG-DIS,3,6,19256.96,נקבעו הנחה / פטור / מדיניות בלבד,נתוני גבהים | מחיר מינימום להזמנה (פוליגון אזור עניין) = 400 ₪ להזמנה,2020-01-19,400,400.0,,,,,400 = מחיר המינימום לנתוני גבהים (19.1.20)
7214001,מפה היסטורית שחור לבן,2,180,16200.0,נקבעו הנחה / פטור / מדיניות בלבד,"גיליונות מפות קנ""מ 1:50,000 שהודפסו לפני יוני 1967 (מהארכיון) | 12 גיליונות; מבקש: גרשון שטיינברג: פטור (בקשה) (₪ (90 ₪ למפה)); גיליונות מפות קנ""מ 1:50,000 לפני 1967 (גבול מצרים) | 12 גיליונות; גרשון שטיינברג: פטור (₪ (90 ₪ למפה))",2022-07-18; ללא תאריך (כנראה 28.7.2022),,90.0,90.0,90.0,,,קישור חלקי: הפרוטוקול עוסק בפטור ממחיר 90 למפה היסטורית; מחיר 90 עצמו לא נקבע בפרוטוקול שנמסר
7214002,מפה היסטורית צבעונית,2,153,6120.0,נקבעו הנחה / פטור / מדיניות בלבד,"גיליונות מפות קנ""מ 1:50,000 שהודפסו לפני יוני 1967 (מהארכיון) | 12 גיליונות; מבקש: גרשון שטיינברג: פטור (בקשה) (₪ (90 ₪ למפה)); גיליונות מפות קנ""מ 1:50,000 לפני 1967 (גבול מצרים) | 12 גיליונות; גרשון שטיינברג: פטור (₪ (90 ₪ למפה))",2022-07-18; ללא תאריך (כנראה 28.7.2022),,40.0,40.0,40.0,,,קישור חלקי: הפרוטוקול עוסק בפטור ממחיר 90 למפה היסטורית; מחיר 90 עצמו לא נקבע בפרוטוקול שנמסר
8010010,מחיר מינימום לרכישת נתונים דיגיטליים,3,9,3800.0,נקבעו הנחה / פטור / מדיניות בלבד,נתוני גבהים | מחיר מינימום להזמנה (פוליגון אזור עניין) = 400 ₪ להזמנה; מוצרי מיפוי ימי - גזירת נתונים | מחיר מינימום לכל מכירה שתדרוש גזירת נתונים = 400 ₪ למכירה,2020-01-19; 2020-08-16,400,,,400.0,,,400 = מחיר מינימום (נתוני גבהים / גזירת נתונים ימיים)
8004217,"העתק שחור/לבן מפה הסטורית מעל 0,5 מ'",2,12,2200.0,נקבעו הנחה / פטור / מדיניות בלבד,"גיליונות מפות קנ""מ 1:50,000 שהודפסו לפני יוני 1967 (מהארכיון) | 12 גיליונות; מבקש: גרשון שטיינברג: פטור (בקשה) (₪ (90 ₪ למפה)); גיליונות מפות קנ""מ 1:50,000 לפני 1967 (גבול מצרים) | 12 גיליונות; גרשון שטיינברג: פטור (₪ (90 ₪ למפה))",2022-07-18; ללא תאריך (כנראה 28.7.2022),,40.0,120.0,40.0,,,קישור חלקי: הפרוטוקול עוסק בפטור ממחיר 90 למפה היסטורית; מחיר 90 עצמו לא נקבע בפרוטוקול שנמסר
8004216,העתק שחור/לבן מפת היסטורית עד 5.0 מ',2,5,450.0,נקבעו הנחה / פטור / מדיניות בלבד,"גיליונות מפות קנ""מ 1:50,000 שהודפסו לפני יוני 1967 (מהארכיון) | 12 גיליונות; מבקש: גרשון שטיינברג: פטור (בקשה) (₪ (90 ₪ למפה)); גיליונות מפות קנ""מ 1:50,000 לפני 1967 (גבול מצרים) | 12 גיליונות; גרשון שטיינברג: פטור (₪ (90 ₪ למפה))",2022-07-18; ללא תאריך (כנראה 28.7.2022),,30.0,,120.0,,,קישור חלקי: הפרוטוקול עוסק בפטור ממחיר 90 למפה היסטורית; מחיר 90 עצמו לא נקבע בפרוטוקול שנמסר
7222005,סט מפות תיור וטיול צפון - כנסים,3,10,260.0,נקבעו הנחה / פטור / מדיניות בלבד,"מפות נייר - סט סימון שבילים, 1:25,000, 1:50,000, 1:250,000, 1:450,000, 1:700,000, מפות עיר | משתתפי כנסים (הזמנה מראש): הנחה (20% הנחה); מפות נייר הנמכרות בכנסים: הנחה (20% הנחה)",2022-11-14; 2023-05-03,,26.0,26.0,26.0,,,מחיר כנסים = 20% הנחה לפי הפרוטוקולים; המחיר הבסיסי עצמו לא בפרוטוקול
8004224,מפת היסטורית צבעונית עד 5.0 מ',3,1,90.0,נקבעו הנחה / פטור / מדיניות בלבד,"גיליונות מפות קנ""מ 1:50,000 שהודפסו לפני יוני 1967 (מהארכיון) | 12 גיליונות; מבקש: גרשון שטיינברג: פטור (בקשה) (₪ (90 ₪ למפה)); גיליונות מפות קנ""מ 1:50,000 לפני 1967 (גבול מצרים) | 12 גיליונות; גרשון שטיינברג: פטור (₪ (90 ₪ למפה))",2022-07-18; ללא תאריך (כנראה 28.7.2022),,,90.0,,,,קישור חלקי: הפרוטוקול עוסק בפטור ממחיר 90 למפה היסטורית; מחיר 90 עצמו לא נקבע בפרוטוקול שנמסר
7222008,"מפת תיור וטיול 1:450,000 אנגלית - כנסים",3,4,64.0,נקבעו הנחה / פטור / מדיניות בלבד,"מפות נייר - סט סימון שבילים, 1:25,000, 1:50,000, 1:250,000, 1:450,000, 1:700,000, מפות עיר | משתתפי כנסים (הזמנה מראש): הנחה (20% הנחה); מפות נייר הנמכרות בכנסים: הנחה (20% הנחה)",2022-11-14; 2023-05-03,,16.0,,,,,מחיר כנסים = 20% הנחה לפי הפרוטוקולים; המחיר הבסיסי עצמו לא בפרוטוקול
7222007,"מפת תיור וטיול 1:450,000 - כנסים",3,4,64.0,נקבעו הנחה / פטור / מדיניות בלבד,"מפות נייר - סט סימון שבילים, 1:25,000, 1:50,000, 1:250,000, 1:450,000, 1:700,000, מפות עיר | משתתפי כנסים (הזמנה מראש): הנחה (20% הנחה); מפות נייר הנמכרות בכנסים: הנחה (20% הנחה)",2022-11-14; 2023-05-03,,16.0,16.0,,,,מחיר כנסים = 20% הנחה לפי הפרוטוקולים; המחיר הבסיסי עצמו לא בפרוטוקול
7222033,"מפה פיזית 1:450,000 אנגלית - כנסים",3,2,38.0,נקבעו הנחה / פטור / מדיניות בלבד,"מפות נייר - סט סימון שבילים, 1:25,000, 1:50,000, 1:250,000, 1:450,000, 1:700,000, מפות עיר | משתתפי כנסים (הזמנה מראש): הנחה (20% הנחה); מפות נייר הנמכרות בכנסים: הנחה (20% הנחה)",2022-11-14; 2023-05-03,,19.0,,,,,מחיר כנסים = 20% הנחה לפי הפרוטוקולים; המחיר הבסיסי עצמו לא בפרוטוקול
7222006,סט מפות תיור וטיול צפון ודרום - כנסים,3,1,26.0,נקבעו הנחה / פטור / מדיניות בלבד,"מפות נייר - סט סימון שבילים, 1:25,000, 1:50,000, 1:250,000, 1:450,000, 1:700,000, מפות עיר | משתתפי כנסים (הזמנה מראש): הנחה (20% הנחה); מפות נייר הנמכרות בכנסים: הנחה (20% הנחה)",2022-11-14; 2023-05-03,,,26.0,,,,מחיר כנסים = 20% הנחה לפי הפרוטוקולים; המחיר הבסיסי עצמו לא בפרוטוקול
7222009,סט מפות פיזיות - כנסים,3,1,26.0,נקבעו הנחה / פטור / מדיניות בלבד,"מפות נייר - סט סימון שבילים, 1:25,000, 1:50,000, 1:250,000, 1:450,000, 1:700,000, מפות עיר | משתתפי כנסים (הזמנה מראש): הנחה (20% הנחה); מפות נייר הנמכרות בכנסים: הנחה (20% הנחה)",2022-11-14; 2023-05-03,,,26.0,,,,מחיר כנסים = 20% הנחה לפי הפרוטוקולים; המחיר הבסיסי עצמו לא בפרוטוקול
7222010,סט מפות פיזיות צפון ודרום - כנסים,3,1,26.0,נקבעו הנחה / פטור / מדיניות בלבד,"מפות נייר - סט סימון שבילים, 1:25,000, 1:50,000, 1:250,000, 1:450,000, 1:700,000, מפות עיר | משתתפי כנסים (הזמנה מראש): הנחה (20% הנחה); מפות נייר הנמכרות בכנסים: הנחה (20% הנחה)",2022-11-14; 2023-05-03,,26.0,,,,,מחיר כנסים = 20% הנחה לפי הפרוטוקולים; המחיר הבסיסי עצמו לא בפרוטוקול
7222011,מפות פיזיות 1:450000 (עברית) - כנסים,3,1,19.0,נקבעו הנחה / פטור / מדיניות בלבד,"מפות נייר - סט סימון שבילים, 1:25,000, 1:50,000, 1:250,000, 1:450,000, 1:700,000, מפות עיר | משתתפי כנסים (הזמנה מראש): הנחה (20% הנחה); מפות נייר הנמכרות בכנסים: הנחה (20% הנחה)",2022-11-14; 2023-05-03,,,19.0,,,,מחיר כנסים = 20% הנחה לפי הפרוטוקולים; המחיר הבסיסי עצמו לא בפרוטוקול
8004037,שעת עבודה לפי תקנות המודדים-אגרות,1,3558,19666981.6,לא נקבע בוועדה,לא נמצאה בפרוטוקולים שנמסרו שום החלטה לגבי המוצר הזה,,,288.72,2496.0,856.0,,"תקנות: תקנות המדידות (אגרות), התשל""ז-1977 (שעת עבודה)","חיוב ביחידות של חצי שעה לפי התעריף בתקנות; מ-9/2024 מק""ט חדש 8011150 בתעריף 243"
41013001,טופס מפה בהתאמה אישית,2,15387,2641868.0,לא נקבע בוועדה,לא נמצאה בפרוטוקולים שנמסרו שום החלטה לגבי המוצר הזה,,,170.0,170.0,170.0,,"מחירון 2024: 160, 170, 200, 245, 250, 340, 350, 540",
8007783,"שעת עובד 1 – עבור רמ""י",2,43,888151.11,לא נקבע בוועדה,לא נמצאה בפרוטוקולים שנמסרו שום החלטה לגבי המוצר הזה,,,4996.2,3583.77,3372.96,,אין מקור מחיר בחומר שנמסר,
8005643,מוצר תנועה,3,7,712764.0,לא נקבע בוועדה,לא נמצאה בפרוטוקולים שנמסרו שום החלטה לגבי המוצר הזה,,,128700.0,23751.0,115830.0,,"מחירון 2024: 160,000, 60, 80,000","קישור משוער (תחבורה); הסכומים 115,830-152,451 לא תואמים 80k/160k"
8011104,מודל פוטוריאליסטי (D3),3,5,710549.0,לא נקבע בוועדה,לא נמצאה בפרוטוקולים שנמסרו שום החלטה לגבי המוצר הזה,,,,,4000.5,,אין מקור מחיר בחומר שנמסר,
8007785,"שעת עובד 3 – עבור רמ""י",2,45,649046.94,לא נקבע בוועדה,לא נמצאה בפרוטוקולים שנמסרו שום החלטה לגבי המוצר הזה,,,1795.19,3876.43,15372.06,,אין מקור מחיר בחומר שנמסר,
8008090,עלות קבלן משנה,2,22,594306.73,לא נקבע בוועדה,לא נמצאה בפרוטוקולים שנמסרו שום החלטה לגבי המוצר הזה,,,7399.5,12495.02,65593.9,,אין מקור מחיר בחומר שנמסר,
8007784,"שעת עובד 2 – עבור  רמ""י",2,30,533464.47,לא נקבע בוועדה,לא נמצאה בפרוטוקולים שנמסרו שום החלטה לגבי המוצר הזה,,,2716.56,20374.2,6791.4,,אין מקור מחיר בחומר שנמסר,
8003974,הסכם רכישות  - תשלום שנתי,3,3,530000.0,לא נקבע בוועדה,לא נמצאה בפרוטוקולים שנמסרו שום החלטה לגבי המוצר הזה,,,,106000.0,106000.0,,אין מקור מחיר בחומר שנמסר,
8004038,מקדמה לפרוייקט,2,40,475926.56,לא נקבע בוועדה,לא נמצאה בפרוטוקולים שנמסרו שום החלטה לגבי המוצר הזה,,,2100.0,30.0,12.0,,אין מקור מחיר בחומר שנמסר,
7220001,בנק דקות RTK,3,506,466024.0,לא נקבע בוועדה,לא נמצאה בפרוטוקולים שנמסרו שום החלטה לגבי המוצר הזה,,,400.0,400.0,,,אין מקור מחיר בחומר שנמסר,
8011150,שעת עבודה לפי תקנות המודדים אגרות,1,104,465779.5,לא נקבע בוועדה,לא נמצאה בפרוטוקולים שנמסרו שום החלטה לגבי המוצר הזה,,,,,243.0,,"תקנות: תקנות המדידות (אגרות), התשל""ז-1977 (שעת עבודה)","חיוב ביחידות של חצי שעה לפי התעריף בתקנות; מ-9/2024 מק""ט חדש 8011150 בתעריף 243"
8003973,זכויות יוצרים מתמלוגי יצרני ערך מוסף,3,40,455270.16,לא נקבע בוועדה,לא נמצאה בפרוטוקולים שנמסרו שום החלטה לגבי המוצר הזה,,,25.0,28.4,50.0,,אין מקור מחיר בחומר שנמסר,
721801,תעודת עובד ציבור לחיבור מבנים ישנים לחשמל,2,250,375000.0,לא נקבע בוועדה,לא נמצאה בפרוטוקולים שנמסרו שום החלטה לגבי המוצר הזה,,,1500.0,1500.0,,,"מחירון 2024: 1,700",
8004290,אורתופוטו 0.25 A2,2,5,370464.99,לא נקבע בוועדה,לא נמצאה בפרוטוקולים שנמסרו שום החלטה לגבי המוצר הזה,,,,26950.0,,,"מחירון 2024: 200, 245","לפי גודל הדף: מפה בהתאמה אישית A2; סכומי המכירה (26,950-88,274) הם הזמנות מרוכזות"
8003980,מערך נתוני כתובות,3,2,345955.97,לא נקבע בוועדה,לא נמצאה בפרוטוקולים שנמסרו שום החלטה לגבי המוצר הזה,,,,,80154.12,,"מחירון 2024: 160,000, 250, 80,000",
8004091,דקת שימוש ב-KTR,3,63,336692.98,לא נקבע בוועדה,לא נמצאה בפרוטוקולים שנמסרו שום החלטה לגבי המוצר הזה,,,10000.0,1000.0,623.2,,אין מקור מחיר בחומר שנמסר,
8004054,שעת ייעוץ,2,670,335016.0,לא נקבע בוועדה,לא נמצאה בפרוטוקולים שנמסרו שום החלטה לגבי המוצר הזה,,,282.0,282.0,282.0,,אין מקור מחיר בחומר שנמסר,
8007782,"שימוש ברכב שטח לק""מ",2,2269,334812.22,לא נקבע בוועדה,לא נמצאה בפרוטוקולים שנמסרו שום החלטה לגבי המוצר הזה,,,20.0,8.68,8.68,,מחירון 2024: 2.17,"מחירון: 2.17 לק""מ; 2022 בתעריף אחר (כפולות של 2) שאין לו מקור"
41028001,"הארכת תוקף לתצ""ר",1,578,306911.08,לא נקבע בוועדה,לא נמצאה בפרוטוקולים שנמסרו שום החלטה לגבי המוצר הזה,,,288.72,312.0,321.0,,"תקנות: תקנות המדידות (אגרות), התשל""ז-1977 (שעת עבודה)","הסכום = 3 שעות לפי תעריף התקנות (288.72=3x96.24, 312=3x104, 321=3x107, 729=3x243)"
8008213,מידע סטטי (VRS) באינטרוול של יותר משניה,3,173,271755.7,לא נקבע בוועדה,לא נמצאה בפרוטוקולים שנמסרו שום החלטה לגבי המוצר הזה,,,42.0,20000.0,20000.0,,אין מקור מחיר בחומר שנמסר,
8009990,"עבודות מיוחדות - מיפוי וממ""ג",2,5,267324.5,לא נקבע בוועדה,לא נמצאה בפרוטוקולים שנמסרו שום החלטה לגבי המוצר הזה,,,,8474.5,10500.0,,אין מקור מחיר בחומר שנמסר,
8003448,מודד מבקר עלות ביקורת,1,52,127517.26,לא נקבע בוועדה,לא נמצאה בפרוטוקולים שנמסרו שום החלטה לגבי המוצר הזה,,,1058.64,2300.0,,,"תקנות: תקנות המדידות (אגרות), התשל""ז-1977 (שעת עבודה)",הסכומים הם כפולות של תעריף השעה בתקנות (למשל 1058.64=11x96.24)
721802,תעודת עובד ציבור לחיבור מבנים ישנים לחשמל,2,193,115800.0,לא נקבע בוועדה,לא נמצאה בפרוטוקולים שנמסרו שום החלטה לגבי המוצר הזה,,,600.0,600.0,,,"מחירון 2024: 1,700",
8003963,מקטע גזור מבנט  ל מלא - שטח פתוח,3,21,108895.0,לא נקבע בוועדה,לא נמצאה בפרוטוקולים שנמסרו שום החלטה לגבי המוצר הזה,,,3947.5,1025.0,325.0,,"מחירון 2024: 250, 560,000",
8004003,"אורתופוטו 0.25 מ' עד 150 קמ""ר",3,33,98954.64,לא נקבע בוועדה,לא נמצאה בפרוטוקולים שנמסרו שום החלטה לגבי המוצר הזה,,,432.0,399.96,1152.0,,מחירון 2024: 360,"המחירון מציג 20 ס""מ, המכירות 25 ס""מ"
44444001,מפות נייר,3,298,86269.0,לא נקבע בוועדה,לא נמצאה בפרוטוקולים שנמסרו שום החלטה לגבי המוצר הזה,,,,,32.0,,אין מקור מחיר בחומר שנמסר,
2022316,ימית-מפת הדרכה לניווט ימי -נייר עבה,3,101,77118.75,לא נקבע בוועדה,לא נמצאה בפרוטוקולים שנמסרו שום החלטה לגבי המוצר הזה,,,499.5,27.0,648.0,,מחירון 2024: 27,
8009970,מפה מיוחדת,2,19,71422.5,לא נקבע בוועדה,לא נמצאה בפרוטוקולים שנמסרו שום החלטה לגבי המוצר הזה,,,,1500.0,1500.0,,אין מקור מחיר בחומר שנמסר,
8011070,שירותי מפות רקע – הסכם מיוחד,3,7,59500.0,לא נקבע בוועדה,לא נמצאה בפרוטוקולים שנמסרו שום החלטה לגבי המוצר הזה,,,,,8500.0,,אין מקור מחיר בחומר שנמסר,
8003977,אורתופוטו (כללי),3,24,53766.28,לא נקבע בוועדה,לא נמצאה בפרוטוקולים שנמסרו שום החלטה לגבי המוצר הזה,,,400.0,2219.0,400.0,,אין מקור מחיר בחומר שנמסר,
8009931,מדידה גרבימטרית מיוחדת,2,1,50750.0,לא נקבע בוועדה,לא נמצאה בפרוטוקולים שנמסרו שום החלטה לגבי המוצר הזה,,,,50750.0,,,אין מקור מחיר בחומר שנמסר,
8004204,ביצוע למינציה למטר רץ,2,11,50395.4,לא נקבע בוועדה,לא נמצאה בפרוטוקולים שנמסרו שום החלטה לגבי המוצר הזה,,,,235.4,22.0,,אין מקור מחיר בחומר שנמסר,
8004980,ת.ע. ציבור לחיבור מבנים ישנים,2,31,46900.0,לא נקבע בוועדה,לא נמצאה בפרוטוקולים שנמסרו שום החלטה לגבי המוצר הזה,,,1500.0,1500.0,1700.0,,"מחירון 2024: 1,700",
8003996,אורתופוטו 0.5 מ' ארצי למשרדים וחב' ממשלת,3,1,45000.0,לא נקבע בוועדה,לא נמצאה בפרוטוקולים שנמסרו שום החלטה לגבי המוצר הזה,,,45000.0,,,,אין מקור מחיר בחומר שנמסר,
72160101,אגרת בחינת מודדים,2,397,43371.0,לא נקבע בוועדה,לא נמצאה בפרוטוקולים שנמסרו שום החלטה לגבי המוצר הזה,,,103.0,111.0,111.0,,"תקנות: תקנות המודדים (מקצוע המדידה), התשמ""ב-1982, תקנה 26(ג) (אגרת בחינה)",
8003991,אורתופוטו 0.5 מ' ארצי,3,12,41935.56,לא נקבע בוועדה,לא נמצאה בפרוטוקולים שנמסרו שום החלטה לגבי המוצר הזה,,,399.96,954.0,660.0,,אין מקור מחיר בחומר שנמסר,
7210002,"מפת גוש ממ""ג בקובץ",3,670,36850.0,לא נקבע בוועדה,לא נמצאה בפרוטוקולים שנמסרו שום החלטה לגבי המוצר הזה,,,55.0,55.0,55.0,,אין מקור מחיר בחומר שנמסר,
8008211,מידע סטטי (VRS) באינטרוול של שניה,3,91,35160.5,לא נקבע בוועדה,לא נמצאה בפרוטוקולים שנמסרו שום החלטה לגבי המוצר הזה,,,,5.6,28.0,,אין מקור מחיר בחומר שנמסר,
8005650,"זכויות יוצרים מפ""י כללי",3,6,33314.1,לא נקבע בוועדה,לא נמצאה בפרוטוקולים שנמסרו שום החלטה לגבי המוצר הזה,,,3000.0,94.0,,,אין מקור מחיר בחומר שנמסר,
8004981,ת.ע.ציבור לחיבור מבנים ישנים-תוספת למבנה,2,16,30300.0,לא נקבע בוועדה,לא נמצאה בפרוטוקולים שנמסרו שום החלטה לגבי המוצר הזה,,,600.0,600.0,2100.0,,מחירון 2024: 700,
44433001,שכבות מידע גאוגרפי,3,31,30190.6,לא נקבע בוועדה,לא נמצאה בפרוטוקולים שנמסרו שום החלטה לגבי המוצר הזה,,,,400.0,400.0,,אין מקור מחיר בחומר שנמסר,
8010989,שירותי רקע (WS) –גופים ממשלתיים,3,1,24750.0,לא נקבע בוועדה,לא נמצאה בפרוטוקולים שנמסרו שום החלטה לגבי המוצר הזה,,,,,24750.0,,"מחירון 2024: 24,750",
8010981,שירותי רקע (WS) מדרגה 3 - שנתי,3,1,23500.0,לא נקבע בוועדה,לא נמצאה בפרוטוקולים שנמסרו שום החלטה לגבי המוצר הזה,,,,,23500.0,,"מחירון 2024: 23,500",
8004287,אורתופוטו 0.25 A4,2,48,22780.0,לא נקבע בוועדה,לא נמצאה בפרוטוקולים שנמסרו שום החלטה לגבי המוצר הזה,,,850.0,1700.0,170.0,,"מחירון 2024: 160, 170",לפי גודל הדף: מפה בהתאמה אישית A4
721722,סימון מבנים על גבי מבנה,2,87,21210.0,לא נקבע בוועדה,לא נמצאה בפרוטוקולים שנמסרו שום החלטה לגבי המוצר הזה,,,210.0,210.0,,,מחירון 2024: 250,
8004090,דקת שימוש באתר תחנת קבע,3,2,20420.0,לא נקבע בוועדה,לא נמצאה בפרוטוקולים שנמסרו שום החלטה לגבי המוצר הזה,,,420.0,,,,אין מקור מחיר בחומר שנמסר,
2022277,אטלס ישראל החדש/למפיץ,3,18,19665.0,לא נקבע בוועדה,לא נמצאה בפרוטוקולים שנמסרו שום החלטה לגבי המוצר הזה,,,900.0,900.0,225.0,,אין מקור מחיר בחומר שנמסר,
72160103,שעת עבודה על פי תעריף תקנות המדידה (אגרות),1,162,17907.52,לא נקבע בוועדה,לא נמצאה בפרוטוקולים שנמסרו שום החלטה לגבי המוצר הזה,,,,104.0,107.0,,"תקנות: תקנות המדידות (אגרות), התשל""ז-1977 (שעת עבודה)","חיוב ביחידות של חצי שעה לפי התעריף בתקנות; מ-9/2024 מק""ט חדש 8011150 בתעריף 243"
2022171,ישראל 1:250000פיזית צפון+דרום עברית מקופ,3,22,15763.55,לא נקבע בוועדה,לא נמצאה בפרוטוקולים שנמסרו שום החלטה לגבי המוצר הזה,,,32.0,25.95,32.0,,"מחירון 2024: 32, 87",
8003989,מערך נתוני מבנים,3,2,13968.0,לא נקבע בוועדה,לא נמצאה בפרוטוקולים שנמסרו שום החלטה לגבי המוצר הזה,,,5910.0,,8058.0,,"מחירון 2024: 160,000, 60, 80,000",
8010979,שירותי רקע (WS) מדרגה 1 - שנתי,3,3,13800.0,לא נקבע בוועדה,לא נמצאה בפרוטוקולים שנמסרו שום החלטה לגבי המוצר הזה,,,,,4600.0,,"מחירון 2024: 4,600",
8004243,"מפת ישראל פיזית,ק  מ 1:400000- ניילון",3,21,11098.0,לא נקבע בוועדה,לא נמצאה בפרוטוקולים שנמסרו שום החלטה לגבי המוצר הזה,,,26.0,40.0,26.0,,"מחירון 2024: 32, 87",
8003992,אורתופוטו 1 מ' ארצי,3,4,10981.8,לא נקבע בוועדה,לא נמצאה בפרוטוקולים שנמסרו שום החלטה לגבי המוצר הזה,,,591.3,1272.15,,,אין מקור מחיר בחומר שנמסר,
8004142,קדסטר/תצ  ר למזמין שטוח,2,34,10980.0,לא נקבע בוועדה,לא נמצאה בפרוטוקולים שנמסרו שום החלטה לגבי המוצר הזה,,,60.0,60.0,60.0,,אין מקור מחיר בחומר שנמסר,
721706,תצהיר מקור,2,94,10234.0,לא נקבע בוועדה,לא נמצאה בפרוטוקולים שנמסרו שום החלטה לגבי המוצר הזה,,,86.0,86.0,,,מחירון 2024: 125,
8008170,משלוח מהיר בדואר,2,95,9424.0,לא נקבע בוועדה,לא נמצאה בפרוטוקולים שנמסרו שום החלטה לגבי המוצר הזה,,,65.0,65.0,65.0,,אין מקור מחיר בחומר שנמסר,
2022295,"מפה פיזית, 1:450000 עברית",3,28,9025.2,לא נקבע בוועדה,לא נמצאה בפרוטוקולים שנמסרו שום החלטה לגבי המוצר הזה,,,24.0,24.0,24.0,,מחירון 2024: 24,
8004004,קבצי בנט  ל (כללי),3,7,8947.5,לא נקבע בוועדה,לא נמצאה בפרוטוקולים שנמסרו שום החלטה לגבי המוצר הזה,,,400.0,,,,"מחירון 2024: 250, 560,000",
8004180,ישראל-פיזית- ניילון,3,35,8472.93,לא נקבע בוועדה,לא נמצאה בפרוטוקולים שנמסרו שום החלטה לגבי המוצר הזה,,,87.0,87.0,29.58,,"מחירון 2024: 32, 87",
8004131,עותק נוסף מתצ  ר,2,7,7710.0,לא נקבע בוועדה,לא נמצאה בפרוטוקולים שנמסרו שום החלטה לגבי המוצר הזה,,,4920.0,30.0,,,אין מקור מחיר בחומר שנמסר,
8003951,ציפוי למינציה למטר רץ,2,28,6528.5,לא נקבע בוועדה,לא נמצאה בפרוטוקולים שנמסרו שום החלטה לגבי המוצר הזה,,,22.0,22.0,22.0,,אין מקור מחיר בחומר שנמסר,
2022276,אטלס ישראל החדש/לתלמיד,3,21,5980.0,לא נקבע בוועדה,לא נמצאה בפרוטוקולים שנמסרו שום החלטה לגבי המוצר הזה,,,65.0,65.0,65.0,,אין מקור מחיר בחומר שנמסר,
722102,שעת מידע בתחום גבולות,1,50,5949.96,לא נקבע בוועדה,לא נמצאה בפרוטוקולים שנמסרו שום החלטה לגבי המוצר הזה,,,96.24,103.28,107.0,,"תקנות: תקנות המדידות (אגרות), התשל""ז-1977 (שעת עבודה)",הסכומים זהים בדיוק לתעריף השעה בתקנות
72160104,תוספת תשלום לחלקה מעל ל-100 חלקות - מודד מבקר,2,86,5944.0,לא נקבע בוועדה,לא נמצאה בפרוטוקולים שנמסרו שום החלטה לגבי המוצר הזה,,,,10.0,290.0,,מחירון 2024: 11,"נמכר ב-10 ב-2023, במחירון 2024: 11; התוספת לחלקה לא נזכרת בפרוטוקול"
3449,מפת הדרכה לניווט ימי,3,208,5616.0,לא נקבע בוועדה,לא נמצאה בפרוטוקולים שנמסרו שום החלטה לגבי המוצר הזה,,,27.0,27.0,27.0,,מחירון 2024: 27,
3311,אטלס ישראל החדש - האטלס הלאומי,3,79,5135.0,לא נקבע בוועדה,לא נמצאה בפרוטוקולים שנמסרו שום החלטה לגבי המוצר הזה,,,65.0,65.0,65.0,,אין מקור מחיר בחומר שנמסר,
8004056,תעודת עובד ציבור+חוות דעת מומחה,2,10,5000.0,לא נקבע בוועדה,לא נמצאה בפרוטוקולים שנמסרו שום החלטה לגבי המוצר הזה,,,500.0,500.0,500.0,,אין מקור מחיר בחומר שנמסר,
8004259,קובץ סרוק מפה צבעונית,2,2,4100.0,לא נקבע בוועדה,לא נמצאה בפרוטוקולים שנמסרו שום החלטה לגבי המוצר הזה,,,,2000.0,,,אין מקור מחיר בחומר שנמסר,
7210001,מפת גוש מודפסת,2,88,3960.0,לא נקבע בוועדה,לא נמצאה בפרוטוקולים שנמסרו שום החלטה לגבי המוצר הזה,,,45.0,45.0,45.0,,אין מקור מחיר בחומר שנמסר,
8004138,עתקי אור/גוש שומאנגלית שטוח,2,38,3420.0,לא נקבע בוועדה,לא נמצאה בפרוטוקולים שנמסרו שום החלטה לגבי המוצר הזה,,,45.0,45.0,45.0,,אין מקור מחיר בחומר שנמסר,
3182,"מפת ישראל בעברית 1:400,000 עם למינציה",3,39,3393.0,לא נקבע בוועדה,לא נמצאה בפרוטוקולים שנמסרו שום החלטה לגבי המוצר הזה,,,87.0,87.0,,,אין מקור מחיר בחומר שנמסר,
8008241,סימון מבנים על גבי הגדלה,2,7,3270.0,לא נקבע בוועדה,לא נמצאה בפרוטוקולים שנמסרו שום החלטה לגבי המוצר הזה,,,210.0,210.0,250.0,,מחירון 2024: 250,
721714,דמי משלוח רשום עד חצי קילו,2,73,2886.0,לא נקבע בוועדה,לא נמצאה בפרוטוקולים שנמסרו שום החלטה לגבי המוצר הזה,,,39.0,39.0,,,אין מקור מחיר בחומר שנמסר,
721803,דמי משלוח,2,105,2835.0,לא נקבע בוועדה,לא נמצאה בפרוטוקולים שנמסרו שום החלטה לגבי המוצר הזה,,,27.0,27.0,,,אין מקור מחיר בחומר שנמסר,
721721,דמי משלוח מהיר,2,43,2795.0,לא נקבע בוועדה,לא נמצאה בפרוטוקולים שנמסרו שום החלטה לגבי המוצר הזה,,,65.0,65.0,,,אין מקור מחיר בחומר שנמסר,
7210004,"מפת תצ""ר מודפסת",2,46,2760.0,לא נקבע בוועדה,לא נמצאה בפרוטוקולים שנמסרו שום החלטה לגבי המוצר הזה,,,60.0,60.0,60.0,,אין מקור מחיר בחומר שנמסר,
72160102,"הארכת תוקף לתצ""ר בודדת",1,9,2736.0,לא נקבע בוועדה,לא נמצאה בפרוטוקולים שנמסרו שום החלטה לגבי המוצר הזה,,,288.72,312.0,,,"תקנות: תקנות המדידות (אגרות), התשל""ז-1977 (שעת עבודה)","הסכום = 3 שעות לפי תעריף התקנות (288.72=3x96.24, 312=3x104, 321=3x107, 729=3x243)"
8004291,אורתופוטו 0.25 A0,2,2,2700.0,לא נקבע בוועדה,לא נמצאה בפרוטוקולים שנמסרו שום החלטה לגבי המוצר הזה,,,1080.0,,1620.0,,"מחירון 2024: 350, 540",לפי גודל הדף: מפה בהתאמה אישית A0
8005051,דמי משלוח דואר רשום לגליל עד 500 גרם,2,100,2667.76,לא נקבע בוועדה,לא נמצאה בפרוטוקולים שנמסרו שום החלטה לגבי המוצר הזה,,,27.0,27.0,15.01,,אין מקור מחיר בחומר שנמסר,
8003987,מערך נתוני תבליט,3,2,2666.7,לא נקבע בוועדה,לא נמצאה בפרוטוקולים שנמסרו שום החלטה לגבי המוצר הזה,,,643.2,,,,אין מקור מחיר בחומר שנמסר,
2022398,ישראל 1:250000פיזית צפון+דרום עברית שטוח,3,8,2507.2,לא נקבע בוועדה,לא נמצאה בפרוטוקולים שנמסרו שום החלטה לגבי המוצר הזה,,,960.0,64.0,32.0,,"מחירון 2024: 32, 87",
8009253,מוצר מעוגן בכיסוי ארצי מלא -1:50K,3,1,2350.0,לא נקבע בוועדה,לא נמצאה בפרוטוקולים שנמסרו שום החלטה לגבי המוצר הזה,,,,2350.0,,,אין מקור מחיר בחומר שנמסר,
2022226,גיאולוגית/250000ישראל/עב/מקופל צפון+דרום,3,11,2281.6,לא נקבע בוועדה,לא נמצאה בפרוטוקולים שנמסרו שום החלטה לגבי המוצר הזה,,,32.0,64.0,32.0,,מחירון 2024: 32,
8005052,דמי משלוח דואר רשום לגליל מ500 גר'עד 1קג,2,42,2273.7,לא נקבע בוועדה,לא נמצאה בפרוטוקולים שנמסרו שום החלטה לגבי המוצר הזה,,,39.0,39.0,39.0,,אין מקור מחיר בחומר שנמסר,
7210005,"מפת תצ""ר בקובץ",3,29,2030.0,לא נקבע בוועדה,לא נמצאה בפרוטוקולים שנמסרו שום החלטה לגבי המוצר הזה,,,70.0,70.0,70.0,,אין מקור מחיר בחומר שנמסר,
7210003,"מפת גוש ממ""ג בהדפסה ובקובץ",2,27,1890.0,לא נקבע בוועדה,לא נמצאה בפרוטוקולים שנמסרו שום החלטה לגבי המוצר הזה,,,70.0,70.0,70.0,,אין מקור מחיר בחומר שנמסר,
2022189,ישראל 400000 עברית,3,20,1886.6,לא נקבע בוועדה,לא נמצאה בפרוטוקולים שנמסרו שום החלטה לגבי המוצר הזה,,,20.0,16.0,20.0,,אין מקור מחיר בחומר שנמסר,
8004192,ישראל /1:400000עברית/למינציה,3,17,1874.25,לא נקבע בוועדה,לא נמצאה בפרוטוקולים שנמסרו שום החלטה לגבי המוצר הזה,,,35.0,35.0,22.75,,אין מקור מחיר בחומר שנמסר,
8004181,מגילת העצמאות- ניילון,3,24,1844.4,לא נקבע בוועדה,לא נמצאה בפרוטוקולים שנמסרו שום החלטה לגבי המוצר הזה,,,12.0,24.0,12.0,,מחירון 2024: 12,
8004015,מודל הגליות,3,1,1800.0,לא נקבע בוועדה,לא נמצאה בפרוטוקולים שנמסרו שום החלטה לגבי המוצר הזה,,,,1800.0,,,אין מקור מחיר בחומר שנמסר,
2022315,ימית-מדריך סימנים מוסכמים מונח.למפ.ימיות,3,8,1680.25,לא נקבע בוועדה,לא נמצאה בפרוטוקולים שנמסרו שום החלטה לגבי המוצר הזה,,,65.0,,65.0,,מחירון 2024: 65,
2022286,"מפת ישראל פיזית ק""מ 1:700000",3,6,1644.75,לא נקבע בוועדה,לא נמצאה בפרוטוקולים שנמסרו שום החלטה לגבי המוצר הזה,,,90.0,45.0,,,מחירון 2024: 20,
8003886,תצהיר מקור - תצ  א,2,10,1514.5,לא נקבע בוועדה,לא נמצאה בפרוטוקולים שנמסרו שום החלטה לגבי המוצר הזה,,,85.5,86.0,125.0,,מחירון 2024: 125,
8004227,מפת עולם מדינית- ניילון,3,21,1488.5,לא נקבע בוועדה,לא נמצאה בפרוטוקולים שנמסרו שום החלטה לגבי המוצר הזה,,,65.0,65.0,42.25,,מחירון 2024: 35,
41029001,מידע לא מוסדר באיזור ירושלים,2,9,1411.0,לא נקבע בוועדה,לא נמצאה בפרוטוקולים שנמסרו שום החלטה לגבי המוצר הזה,,,,141.0,141.0,,אין מקור מחיר בחומר שנמסר,
722101,תעודת עובד ציבור גבולות,2,4,1300.0,לא נקבע בוועדה,לא נמצאה בפרוטוקולים שנמסרו שום החלטה לגבי המוצר הזה,,,,150.0,500.0,,מחירון 2024: 500,עלה מ-150 (2023) ל-500 (2024) בלי פרוטוקול
8003966,"מפות סרוקות 1:250,000",3,3,1288.0,לא נקבע בוועדה,לא נמצאה בפרוטוקולים שנמסרו שום החלטה לגבי המוצר הזה,,,96.0,,,,"מחירון 2024: 32, 87",
7207001,דמי משלוח מהיר,2,19,1235.0,לא נקבע בוועדה,לא נמצאה בפרוטוקולים שנמסרו שום החלטה לגבי המוצר הזה,,,65.0,65.0,,,אין מקור מחיר בחומר שנמסר,
3382,מגילת העצמאות,3,100,1200.0,לא נקבע בוועדה,לא נמצאה בפרוטוקולים שנמסרו שום החלטה לגבי המוצר הזה,,,12.0,12.0,,,מחירון 2024: 12,
721713,דמי משלוח רשום עד 50 גרם,2,43,1188.0,לא נקבע בוועדה,לא נמצאה בפרוטוקולים שנמסרו שום החלטה לגבי המוצר הזה,,,27.0,27.0,,,אין מקור מחיר בחומר שנמסר,
8004032,כיול מד טווח + פריזמה,2,5,1050.0,לא נקבע בוועדה,לא נמצאה בפרוטוקולים שנמסרו שום החלטה לגבי המוצר הזה,,,150.0,450.0,,,אין מקור מחיר בחומר שנמסר,
1710,מפת ישראל גיאולוגית,3,12,1044.0,לא נקבע בוועדה,לא נמצאה בפרוטוקולים שנמסרו שום החלטה לגבי המוצר הזה,,,87.0,87.0,,,מחירון 2024: 32,
7206002,דמי משלוח מהיר,2,16,1040.0,לא נקבע בוועדה,לא נמצאה בפרוטוקולים שנמסרו שום החלטה לגבי המוצר הזה,,,65.0,65.0,65.0,,אין מקור מחיר בחומר שנמסר,
720104,דמי משלוח מהיר,2,16,1040.0,לא נקבע בוועדה,לא נמצאה בפרוטוקולים שנמסרו שום החלטה לגבי המוצר הזה,,,65.0,65.0,,,אין מקור מחיר בחומר שנמסר,
7210008,דמי משלוח מהיר,2,14,910.0,לא נקבע בוועדה,לא נמצאה בפרוטוקולים שנמסרו שום החלטה לגבי המוצר הזה,,,65.0,65.0,65.0,,אין מקור מחיר בחומר שנמסר,
7207002,דמי משלוח בדואר רשום עד 500 גרם,2,32,864.0,לא נקבע בוועדה,לא נמצאה בפרוטוקולים שנמסרו שום החלטה לגבי המוצר הזה,,,27.0,27.0,,,אין מקור מחיר בחומר שנמסר,
8011020,פוסטר סמלי המדינה,3,1,800.0,לא נקבע בוועדה,לא נמצאה בפרוטוקולים שנמסרו שום החלטה לגבי המוצר הזה,,,,,800.0,,"מחירון 2024: 20, 30, 40, 50",
3374,מפת קיר פיזית עם למינציה,3,9,783.0,לא נקבע בוועדה,לא נמצאה בפרוטוקולים שנמסרו שום החלטה לגבי המוצר הזה,,,87.0,87.0,,,"מחירון 2024: 32, 87",
7223001,כיול מד טווח + פריזמה,2,5,750.0,לא נקבע בוועדה,לא נמצאה בפרוטוקולים שנמסרו שום החלטה לגבי המוצר הזה,,,150.0,150.0,,,אין מקור מחיר בחומר שנמסר,
2022288,"מזרח תיכון-פיזית  1:5,000,000",3,6,747.0,לא נקבע בוועדה,לא נמצאה בפרוטוקולים שנמסרו שום החלטה לגבי המוצר הזה,,,30.0,255.0,120.0,,מחירון 2024: 30,
7210006,"מפת תצ""ר בהדפסה ובקובץ",2,8,720.0,לא נקבע בוועדה,לא נמצאה בפרוטוקולים שנמסרו שום החלטה לגבי המוצר הזה,,,90.0,,90.0,,אין מקור מחיר בחומר שנמסר,
8004124,עותק נוסף מהעתק אור,2,4,620.0,לא נקבע בוועדה,לא נמצאה בפרוטוקולים שנמסרו שום החלטה לגבי המוצר הזה,,,20.0,40.0,,,אין מקור מחיר בחומר שנמסר,
1708,ישראל גיאולוגית גיליון צפון,3,18,576.0,לא נקבע בוועדה,לא נמצאה בפרוטוקולים שנמסרו שום החלטה לגבי המוצר הזה,,,32.0,32.0,,,מחירון 2024: 32,
2022204,ירושלים 2500 העיר העתיקה עברית,3,2,574.8,לא נקבע בוועדה,לא נמצאה בפרוטוקולים שנמסרו שום החלטה לגבי המוצר הזה,,,24.0,550.8,,,אין מקור מחיר בחומר שנמסר,
8003983,זכויות יוצרים- ילקוט הפרסומים מס' 2151,3,3,564.0,לא נקבע בוועדה,לא נמצאה בפרוטוקולים שנמסרו שום החלטה לגבי המוצר הזה,,,376.0,47.0,,,אין מקור מחיר בחומר שנמסר,
7210007,מפת גיליון שדה מודפסת,2,7,560.0,לא נקבע בוועדה,לא נמצאה בפרוטוקולים שנמסרו שום החלטה לגבי המוצר הזה,,,80.0,80.0,80.0,,אין מקור מחיר בחומר שנמסר,
1713,מפות פיזיות 1:450000 (עברית) מנוילן,3,13,520.0,לא נקבע בוועדה,לא נמצאה בפרוטוקולים שנמסרו שום החלטה לגבי המוצר הזה,,,,40.0,,,מחירון 2024: 24,
44442001,"מספרים סופיים בתצ""ר",2,1,500.0,לא נקבע בוועדה,לא נמצאה בפרוטוקולים שנמסרו שום החלטה לגבי המוצר הזה,,,,500.0,,,מחירון 2024: 500,
8004286,אורטופוטו A2-A3 40/50ממא A2-A1,2,1,480.0,לא נקבע בוועדה,לא נמצאה בפרוטוקולים שנמסרו שום החלטה לגבי המוצר הזה,,,480.0,,,,"מחירון 2024: 170, 200, 245, 250, 340",
7214003,דמי משלוח מהיר,2,7,455.0,לא נקבע בוועדה,לא נמצאה בפרוטוקולים שנמסרו שום החלטה לגבי המוצר הזה,,,65.0,65.0,65.0,,אין מקור מחיר בחומר שנמסר,
8003911,תעודת עובד ציבור,2,3,450.0,לא נקבע בוועדה,לא נמצאה בפרוטוקולים שנמסרו שום החלטה לגבי המוצר הזה,,,150.0,,,,אין מקור מחיר בחומר שנמסר,
720405,דמי משלוח בדואר רשום עד 500 גרם,2,15,405.0,לא נקבע בוועדה,לא נמצאה בפרוטוקולים שנמסרו שום החלטה לגבי המוצר הזה,,,27.0,27.0,,,אין מקור מחיר בחומר שנמסר,
720320,דמי משלוח מהיר,2,6,390.0,לא נקבע בוועדה,לא נמצאה בפרוטוקולים שנמסרו שום החלטה לגבי המוצר הזה,,,65.0,65.0,,,אין מקור מחיר בחומר שנמסר,
3230,מפת עולם מדינית,3,6,390.0,לא נקבע בוועדה,לא נמצאה בפרוטוקולים שנמסרו שום החלטה לגבי המוצר הזה,,,65.0,65.0,,,מחירון 2024: 35,
720105,דמי משלוח בדואר רשום עד 500 גרם,2,14,378.0,לא נקבע בוועדה,לא נמצאה בפרוטוקולים שנמסרו שום החלטה לגבי המוצר הזה,,,27.0,27.0,,,אין מקור מחיר בחומר שנמסר,
7210009,דמי משלוח בדואר רשום עד 500 גרם,2,13,351.0,לא נקבע בוועדה,לא נמצאה בפרוטוקולים שנמסרו שום החלטה לגבי המוצר הזה,,,27.0,27.0,27.0,,אין מקור מחיר בחומר שנמסר,
8004250,גאולוגית צפון דרום 1:250000- ניילון,3,4,348.0,לא נקבע בוועדה,לא נמצאה בפרוטוקולים שנמסרו שום החלטה לגבי המוצר הזה,,,87.0,87.0,,,מחירון 2024: 32,
8004251,מפת גוש מהממ  ג,3,5,315.0,לא נקבע בוועדה,לא נמצאה בפרוטוקולים שנמסרו שום החלטה לגבי המוצר הזה,,,45.0,45.0,45.0,,אין מקור מחיר בחומר שנמסר,
3168,מגילת העצמאות,3,13,312.0,לא נקבע בוועדה,לא נמצאה בפרוטוקולים שנמסרו שום החלטה לגבי המוצר הזה,,,24.0,24.0,,,מחירון 2024: 12,
720319,דמי משלוח בדואר רשום עד 500 גרם,2,10,270.0,לא נקבע בוועדה,לא נמצאה בפרוטוקולים שנמסרו שום החלטה לגבי המוצר הזה,,,27.0,27.0,27.0,,אין מקור מחיר בחומר שנמסר,
8004190,ישראל פיזית/אנגלית- ניילון,3,3,261.0,לא נקבע בוועדה,לא נמצאה בפרוטוקולים שנמסרו שום החלטה לגבי המוצר הזה,,,,87.0,,,"מחירון 2024: 32, 87",
7204,דמי משלוח,2,4,260.0,לא נקבע בוועדה,לא נמצאה בפרוטוקולים שנמסרו שום החלטה לגבי המוצר הזה,,,65.0,,,,אין מקור מחיר בחומר שנמסר,
7213001,דמי משלוח מהיר,2,4,260.0,לא נקבע בוועדה,לא נמצאה בפרוטוקולים שנמסרו שום החלטה לגבי המוצר הזה,,,65.0,65.0,,,אין מקור מחיר בחומר שנמסר,
2022261,מפת עולם מדינית,3,3,245.0,לא נקבע בוועדה,לא נמצאה בפרוטוקולים שנמסרו שום החלטה לגבי המוצר הזה,,,35.0,70.0,,,מחירון 2024: 35,
8004058,העתק ג.שדה-סכום בסיסי,2,1,240.0,לא נקבע בוועדה,לא נמצאה בפרוטוקולים שנמסרו שום החלטה לגבי המוצר הזה,,,240.0,,,,אין מקור מחיר בחומר שנמסר,
7207,דמי משלוח,2,6,234.0,לא נקבע בוועדה,לא נמצאה בפרוטוקולים שנמסרו שום החלטה לגבי המוצר הזה,,,39.0,,39.0,,אין מקור מחיר בחומר שנמסר,
8004136,עתקי-אור/תוכנ.גוש רשוםשטוח,2,3,225.0,לא נקבע בוועדה,לא נמצאה בפרוטוקולים שנמסרו שום החלטה לגבי המוצר הזה,,,135.0,45.0,45.0,,אין מקור מחיר בחומר שנמסר,
7208002,דמי משלוח,2,8,216.0,לא נקבע בוועדה,לא נמצאה בפרוטוקולים שנמסרו שום החלטה לגבי המוצר הזה,,,27.0,27.0,,,אין מקור מחיר בחומר שנמסר,
2022190,ישראל 400000 אנגלית,3,5,197.0,לא נקבע בוועדה,לא נמצאה בפרוטוקולים שנמסרו שום החלטה לגבי המוצר הזה,,,20.0,17.0,,,אין מקור מחיר בחומר שנמסר,
7212001,דמי משלוח מהיר,2,3,195.0,לא נקבע בוועדה,לא נמצאה בפרוטוקולים שנמסרו שום החלטה לגבי המוצר הזה,,,65.0,65.0,,,אין מקור מחיר בחומר שנמסר,
7213,דמי משלוח,2,5,195.0,לא נקבע בוועדה,לא נמצאה בפרוטוקולים שנמסרו שום החלטה לגבי המוצר הזה,,,39.0,39.0,,,אין מקור מחיר בחומר שנמסר,
7208001,דמי משלוח מהיר,2,3,195.0,לא נקבע בוועדה,לא נמצאה בפרוטוקולים שנמסרו שום החלטה לגבי המוצר הזה,,,65.0,65.0,,,אין מקור מחיר בחומר שנמסר,
2022172,ישראל 1:250000פיזית צפון+דרום אנגלית מקו,3,4,185.6,לא נקבע בוועדה,לא נמצאה בפרוטוקולים שנמסרו שום החלטה לגבי המוצר הזה,,,32.0,25.6,,,"מחירון 2024: 32, 87",
7214,דמי משלוח,2,4,156.0,לא נקבע בוועדה,לא נמצאה בפרוטוקולים שנמסרו שום החלטה לגבי המוצר הזה,,,39.0,39.0,39.0,,אין מקור מחיר בחומר שנמסר,
8004235,"המזרח התיכון-פיזית,1:5000000- ניילון",3,3,153.7,לא נקבע בוועדה,לא נמצאה בפרוטוקולים שנמסרו שום החלטה לגבי המוצר הזה,,,,58.0,,,מחירון 2024: 30,
8003975,"מפה סרוקה 1:400,000",3,2,144.0,לא נקבע בוועדה,לא נמצאה בפרוטוקולים שנמסרו שום החלטה לגבי המוצר הזה,,,72.0,,,,אין מקור מחיר בחומר שנמסר,
8004155,תצ  ר - קובץ סרוק,3,2,140.0,לא נקבע בוועדה,לא נמצאה בפרוטוקולים שנמסרו שום החלטה לגבי המוצר הזה,,,70.0,70.0,,,אין מקור מחיר בחומר שנמסר,
7213002,דמי משלוח,2,5,135.0,לא נקבע בוועדה,לא נמצאה בפרוטוקולים שנמסרו שום החלטה לגבי המוצר הזה,,,27.0,27.0,,,אין מקור מחיר בחומר שנמסר,
3453,מדריך סימנים מוסכמים ומונחים,3,2,130.0,לא נקבע בוועדה,לא נמצאה בפרוטוקולים שנמסרו שום החלטה לגבי המוצר הזה,,,65.0,,,,מחירון 2024: 65,
8003957,מפת גוש ספרתית-סכום בסיסי,3,1,125.0,לא נקבע בוועדה,לא נמצאה בפרוטוקולים שנמסרו שום החלטה לגבי המוצר הזה,,,,125.0,,,אין מקור מחיר בחומר שנמסר,
8004202,העיר העתיקה 1:2500עם למינציה,3,1,123.0,לא נקבע בוועדה,לא נמצאה בפרוטוקולים שנמסרו שום החלטה לגבי המוצר הזה,,,,,123.0,,"מחירון 2024: 32, 87",
3383,דמי משלוח,2,3,117.0,לא נקבע בוועדה,לא נמצאה בפרוטוקולים שנמסרו שום החלטה לגבי המוצר הזה,,,39.0,39.0,,,אין מקור מחיר בחומר שנמסר,
720318,דמי משלוח,2,3,117.0,לא נקבע בוועדה,לא נמצאה בפרוטוקולים שנמסרו שום החלטה לגבי המוצר הזה,,,39.0,39.0,,,אין מקור מחיר בחומר שנמסר,
7212,דמי משלוח,2,3,117.0,לא נקבע בוועדה,לא נמצאה בפרוטוקולים שנמסרו שום החלטה לגבי המוצר הזה,,,39.0,39.0,,,אין מקור מחיר בחומר שנמסר,
7210,דמי משלוח,2,3,117.0,לא נקבע בוועדה,לא נמצאה בפרוטוקולים שנמסרו שום החלטה לגבי המוצר הזה,,,39.0,39.0,,,אין מקור מחיר בחומר שנמסר,
3425,דמי משלוח,2,3,117.0,לא נקבע בוועדה,לא נמצאה בפרוטוקולים שנמסרו שום החלטה לגבי המוצר הזה,,,39.0,39.0,,,אין מקור מחיר בחומר שנמסר,
8004154,מפת גוש - קובץ סרוק,3,2,110.0,לא נקבע בוועדה,לא נמצאה בפרוטוקולים שנמסרו שום החלטה לגבי המוצר הזה,,,,55.0,55.0,,אין מקור מחיר בחומר שנמסר,
8004232,גוש ממ  ג סרוק,3,1,110.0,לא נקבע בוועדה,לא נמצאה בפרוטוקולים שנמסרו שום החלטה לגבי המוצר הזה,,,,,110.0,,אין מקור מחיר בחומר שנמסר,
1719,מפת עולם מדינית 1:30000000,3,3,105.0,לא נקבע בוועדה,לא נמצאה בפרוטוקולים שנמסרו שום החלטה לגבי המוצר הזה,,,35.0,35.0,,,מחירון 2024: 35,
3452,אטלס קו החוף (עברית),3,1,100.0,לא נקבע בוועדה,לא נמצאה בפרוטוקולים שנמסרו שום החלטה לגבי המוצר הזה,,,100.0,,,,אין מקור מחיר בחומר שנמסר,
2022307,אטלס קו החוף,3,1,100.0,לא נקבע בוועדה,לא נמצאה בפרוטוקולים שנמסרו שום החלטה לגבי המוצר הזה,,,100.0,,,,אין מקור מחיר בחומר שנמסר,
7204004,מפות פיזיות 1:450000 (עברית),3,4,96.0,לא נקבע בוועדה,לא נמצאה בפרוטוקולים שנמסרו שום החלטה לגבי המוצר הזה,,,,24.0,,,מחירון 2024: 24,
7206003,דמי משלוח בדואר רשום עד 500 גרם,2,3,81.0,לא נקבע בוועדה,לא נמצאה בפרוטוקולים שנמסרו שום החלטה לגבי המוצר הזה,,,27.0,27.0,,,אין מקור מחיר בחומר שנמסר,
7204006,מפות פיזיות 1:450000 (עברית) מנוילן,3,2,80.0,לא נקבע בוועדה,לא נמצאה בפרוטוקולים שנמסרו שום החלטה לגבי המוצר הזה,,,,40.0,,,מחירון 2024: 24,
720404,דמי משלוח מהיר,2,2,78.0,לא נקבע בוועדה,לא נמצאה בפרוטוקולים שנמסרו שום החלטה לגבי המוצר הזה,,,39.0,,,,אין מקור מחיר בחומר שנמסר,
8004194,ישראל 1:400000אנגלית/למינציה,3,2,70.0,לא נקבע בוועדה,לא נמצאה בפרוטוקולים שנמסרו שום החלטה לגבי המוצר הזה,,,,35.0,,,אין מקור מחיר בחומר שנמסר,
8005550,מגילת העצמאות,3,2,69.0,לא נקבע בוועדה,לא נמצאה בפרוטוקולים שנמסרו שום החלטה לגבי המוצר הזה,,,,24.0,,,מחירון 2024: 12,
2022227,גיאולוגית/250000ישראל/עב/שטוח צפון+דרום,3,1,64.0,לא נקבע בוועדה,לא נמצאה בפרוטוקולים שנמסרו שום החלטה לגבי המוצר הזה,,,,64.0,,,מחירון 2024: 32,
7214004,דמי משלוח,2,2,54.0,לא נקבע בוועדה,לא נמצאה בפרוטוקולים שנמסרו שום החלטה לגבי המוצר הזה,,,,27.0,27.0,,אין מקור מחיר בחומר שנמסר,
8004200,המזרח התיכון- ניילון,3,1,52.0,לא נקבע בוועדה,לא נמצאה בפרוטוקולים שנמסרו שום החלטה לגבי המוצר הזה,,,52.0,,,,מחירון 2024: 30,
1711,מפות פיזיות 1:450000 (עברית),3,2,48.0,לא נקבע בוועדה,לא נמצאה בפרוטוקולים שנמסרו שום החלטה לגבי המוצר הזה,,,24.0,24.0,,,מחירון 2024: 24,
2022553,ספר-גבולות ישראל היום,3,1,42.5,לא נקבע בוועדה,לא נמצאה בפרוטוקולים שנמסרו שום החלטה לגבי המוצר הזה,,,42.5,,,,אין מקור מחיר בחומר שנמסר,
2022205,ירושלים 2500 העיר העתיקה אנגלית,3,1,40.0,לא נקבע בוועדה,לא נמצאה בפרוטוקולים שנמסרו שום החלטה לגבי המוצר הזה,,,40.0,,,,אין מקור מחיר בחומר שנמסר,
7206,דמי משלוח,2,1,39.0,לא נקבע בוועדה,לא נמצאה בפרוטוקולים שנמסרו שום החלטה לגבי המוצר הזה,,,39.0,,,,אין מקור מחיר בחומר שנמסר,
7204008,מפות פיזיות 1:700000 (אנגלית),3,4,36.0,לא נקבע בוועדה,לא נמצאה בפרוטוקולים שנמסרו שום החלטה לגבי המוצר הזה,,,,9.0,,,מחירון 2024: 20,
1709,סט מפות פיזיות גיליונות צפון,3,1,32.0,לא נקבע בוועדה,לא נמצאה בפרוטוקולים שנמסרו שום החלטה לגבי המוצר הזה,,,32.0,,,,אין מקור מחיר בחומר שנמסר,
2022207,העיר ירושלים 15000 עם גושים עברית,3,1,30.0,לא נקבע בוועדה,לא נמצאה בפרוטוקולים שנמסרו שום החלטה לגבי המוצר הזה,,,30.0,,,,אין מקור מחיר בחומר שנמסר,
3366,מפה פיזית מדינית של המזרח התיכון,3,1,30.0,לא נקבע בוועדה,לא נמצאה בפרוטוקולים שנמסרו שום החלטה לגבי המוצר הזה,,,,30.0,,,מחירון 2024: 30,
7212003,דמי משלוח בדואר רשום עד 500 גרם,2,1,27.0,לא נקבע בוועדה,לא נמצאה בפרוטוקולים שנמסרו שום החלטה לגבי המוצר הזה,,,,27.0,,,אין מקור מחיר בחומר שנמסר,
7212002,דמי משלוח בדואר רשום עד 500 גרם,2,1,27.0,לא נקבע בוועדה,לא נמצאה בפרוטוקולים שנמסרו שום החלטה לגבי המוצר הזה,,,27.0,,,,אין מקור מחיר בחומר שנמסר,
722103,דמי משלוח בדואר רשום עד 500 גרם,2,1,27.0,לא נקבע בוועדה,לא נמצאה בפרוטוקולים שנמסרו שום החלטה לגבי המוצר הזה,,,27.0,,,,אין מקור מחיר בחומר שנמסר,
2022312,מבוטל -- חסום לרכש -מפת הדרכה לניווט ימי,3,1,27.0,לא נקבע בוועדה,לא נמצאה בפרוטוקולים שנמסרו שום החלטה לגבי המוצר הזה,,,27.0,,,,מחירון 2024: 27,
1027,מפת ישראל פיזית,3,1,20.0,לא נקבע בוועדה,לא נמצאה בפרוטוקולים שנמסרו שום החלטה לגבי המוצר הזה,,,20.0,,,,"מחירון 2024: 32, 87",
7204007,מפות פיזיות 1:700000 (עברית),3,1,9.0,לא נקבע בוועדה,לא נמצאה בפרוטוקולים שנמסרו שום החלטה לגבי המוצר הזה,,,,9.0,,,מחירון 2024: 20,
