page,category,product,variant,price_ils,unit,vat_note,notes
4,תצלומי אוויר,"הגדלה מודפסת מקומית של תצ""א שחור-לבן","נייר 50 ס""מ X 50 ס""מ",500,ליחידה,לא צוין,כולל תיעוד אותנטיות של התצלום
4,תצלומי אוויר,"הגדלה מודפסת מקומית של תצ""א שחור-לבן",נייר 1 מטר X 1 מטר,550,ליחידה,לא צוין,
5,תצלומי אוויר,"הגדלה דיגיטלית מקומית של תצ""א שחור-לבן",קובץ PDF,450,ליחידה,לא צוין,הגדלה דיגיטלית מקומית מסופקת בקובץ PDF
6,תצלומי אוויר,"הגדלה מודפסת מקומית של תצ""א צבעוני (החל מ-2017)","נייר 50 ס""מ X 50 ס""מ",585,ליחידה,לא צוין,החל מ-2017 (תצלומים משנת 2017 ואילך)
6,תצלומי אוויר,"הגדלה מודפסת מקומית של תצ""א צבעוני (החל מ-2017)",נייר 1 מטר X 1 מטר,600,ליחידה,לא צוין,החל מ-2017 (תצלומים משנת 2017 ואילך)
7,תצלומי אוויר,"הגדלה דיגיטלית מקומית של תצ""א צבעוני (החל מ-2017)",קובץ PDF,500,ליחידה,לא צוין,הגדלה דיגיטלית מקומית מסופקת בקובץ PDF
8,תצלומי אוויר,קובץ תמונה (TIF) של תצלום אוויר שחור-לבן,"רזולוציה גבוהה (2,100 dpi)",350,ליחידה,לא צוין,
8,תצלומי אוויר,קובץ תמונה (TIF) של תצלום אוויר שחור-לבן,"רזולוציה בינונית (1,200 dpi)",235,ליחידה,לא צוין,רזולוציה בינונית באיכות פחותה מאד ביחס לגבוהה
9,תצלומי אוויר,קובץ תמונה (TIF) של תצלום אוויר צבעוני (החל מ-2017),תצלום אוויר צבעוני,350,ליחידה,לא צוין,
10,תצלומי אוויר,"מוצר משולב של תצ""א שחור-לבן + הגדלה","תצלום אוויר ברזולוציה גבוהה (2,100 dpi) + הגדלה דיגיטלית מקומית של תצ""א שחור-לבן",650,לחבילה,לא צוין,
11,תצלומי אוויר,"מוצר משולב של תצ""א צבעוני + הגדלה","תצלום אוויר צבעוני + הגדלה דיגיטלית מקומית של תצ""א צבעוני",750,לחבילה,לא צוין,
12,תצלומי אוויר,סימון מבנה על גבי הגדלה,שירות,250,לשירות,לא צוין,בתוספת להגדלה שהוזמנה
13,תצלומי אוויר,תצהיר מקור לתצלום אוויר,שירות,125,לתצהיר,לא צוין,תעודת עובד ציבור המאשרת מקור התצלום
15,מפות נייר,"מפות טופוגרפיות בקנה מידה 1:50,000","100X70 ס""מ (מודפסת; ניתן מקופלת 22X12 או שטוחה)",36,למפה,לא צוין,סדרה של 28 מפות בכיסוי ארצי; עברית ואנגלית
16,מפות נייר,"מפות טופוגרפיות בקנה מידה 1:25,000","100X70 ס""מ (מודפסת; ניתן מקופלת 22X12 או שטוחה)",35,למפה,לא צוין,סדרה של 97 מפות; עברית בלבד
17,מפות נייר,מפות יישובים (עם גושים / בלי גושים),"100X70 ס""מ (מודפסת; ניתן מקופלת 22X12 או שטוחה)",33,למפה,לא צוין,"כ-1,670 גיליונות עם גושים וכ-1,670 ללא גושים; עברית בלבד"
18,מפות נייר,"מפות תיור וטיול - קנה מידה 1:250,000","100X70 ס""מ, חלק צפוני / חלק דרומי",32,למפה,לא צוין,עברית ואנגלית
19,מפות נייר,"מפות תיור וטיול - קנה מידה 1:450,000","100X40 ס""מ (מקופלת 22X10 או שטוחה)",20,למפה,לא צוין,עברית ואנגלית
20,מפות נייר,"מפות פיזיות - קנה מידה 1:250,000","100X70 ס""מ, כל אחד משני החלקים (צפון/דרום)",32,למפה,לא צוין,עברית ואנגלית
20,מפות נייר,"מפות פיזיות - קנה מידה 1:250,000",גיליון אחד שלם - מפה ארצית (מנוילנת),87,למפה,לא צוין,"מפה בחלק אחד שלם, מנוילנת"
21,מפות נייר,"מפות פיזיות - קנה מידה 1:450,000","100X40 ס""מ (מקופלת 20X13 או שטוחה)",24,למפה,לא צוין,"עברית, אנגלית וערבית"
22,מפות נייר,"מפת ארץ ישראל (פיזית) לתלמיד בקנה מידה 1:700,000","65X25 ס""מ, שטוחה בלבד",20,למפה,לא צוין,עברית ואנגלית
23,מפות נייר,"מפות פיזיות - מפת המזרח התיכון בקנה מידה 1:2,500,000","110X65 ס""מ (מקופלת 25X16 או שטוחה)",30,למפה,לא צוין,עברית בלבד
24,מפות נושאיות וכלליות,מגילת העצמאות,"90X30 ס""מ, נייר קלף איכותי",12,למגילה,לא צוין,עברית בלבד
25,מפות נושאיות וכלליות,"מפת עולם מדינית בקנה מידה 1:30,000,000","75X120 ס""מ",35,למפה,לא צוין,עברית ואנגלית
26,מפות נושאיות וכלליות,"מפת ישראל גיאולוגית בקנה מידה 1:250,000","100X70 ס""מ, חלק צפוני / חלק דרומי (מקופלת 22X18 או שטוחה)",32,למפה,לא צוין,עברית בלבד
27,מפות ימיות,"מפה ימית (הים התיכון 1:250,000; ראש הנקרה/קיסריה/פלמחים 1:100,000; מפרץ אילת/אשדוד/חיפה/ת""א-יפו/חדרה 1:20,000; מעגנת הרצליה 1:10,000; אשקלון 1:30,000)",מפה ימית,130,למפה ימית,לא צוין,עברית בלבד
27,מפות ימיות,"מפת הדרכה לניווט ימי (מפה לתלמיד) 1:250,000","90X60 ס""מ",27,למפה,לא צוין,
27,מפות ימיות,מדריך סימנים מוסכמים למפות ימיות,מדריך,65,למדריך,לא צוין,
28,מפות סימון שבילים,"מפות טיולים וסימון שבילים בקנה מידה 1:50,000","מפה בודדת 100X70 ס""מ",65,למפה,לא צוין,סדרה של 17 גיליונות; עברית בלבד
28,מפות סימון שבילים,"מפות טיולים וסימון שבילים בקנה מידה 1:50,000",סט מלא (17 מפות),1000,לסט,לא צוין,
29,פוסטרים,פוסטר סמלי המדינה,"A1 (84X59 ס""מ) מנוילן, 1-10 יחידות",50,ליחידה,לא צוין,הנחת כמות רק ברכישה אחת מרוכזת
29,פוסטרים,פוסטר סמלי המדינה,"A1 (84X59 ס""מ) מנוילן, 11-50 יחידות",40,ליחידה,לא צוין,הנחת כמות רק ברכישה אחת מרוכזת
29,פוסטרים,פוסטר סמלי המדינה,"A1 (84X59 ס""מ) מנוילן, 51-500 יחידות",30,ליחידה,לא צוין,הנחת כמות רק ברכישה אחת מרוכזת
29,פוסטרים,פוסטר סמלי המדינה,"A1 (84X59 ס""מ) מנוילן, מעל 500 יחידות",20,ליחידה,לא צוין,הנחת כמות רק ברכישה אחת מרוכזת
30,פוסטרים,פוסטר שולי היבשת הים תיכוניים של ישראל,"93X142.5 ס""מ, מנוילן על גבי קאפה",350,ליחידה,לא צוין,
32,"שכבות מידע גאוגרפי (בנט""ל)","בנט""ל מלא ארצי 1:2,500 (כולל 25 שכבות מידע גאוגרפי)","1 קמ""ר (1000 דונם)",250,"לקמ""ר",לא צוין,"מחיר מינימום להזמנה 400 ש""ח; ""המוצר הנמכר ביותר"""
32,"שכבות מידע גאוגרפי (בנט""ל)","בנט""ל מלא ארצי 1:2,500 (כולל 25 שכבות מידע גאוגרפי)",כיסוי ארצי,560000,לכיסוי ארצי,לא צוין,
33,"שכבות מידע גאוגרפי (בנט""ל)","בנט""ל - מערך נתוני כתובות (מאגר כתובות 1:2,500)","1 קמ""ר (1000 דונם)",250,"לקמ""ר",לא צוין,"מחיר מינימום להזמנה 400 ש""ח"
33,"שכבות מידע גאוגרפי (בנט""ל)","בנט""ל - מערך נתוני כתובות (מאגר כתובות 1:2,500)",כיסוי ארצי,80000,לכיסוי ארצי,לא צוין,
33,"שכבות מידע גאוגרפי (בנט""ל)","בנט""ל - מערך נתוני כתובות (מאגר כתובות 1:2,500)",כיסוי ארצי - רישיון ארגוני,160000,לכיסוי ארצי,לא צוין,
34,"שכבות מידע גאוגרפי (בנט""ל)","בנט""ל - מערך נתוני תחבורה 1:2,500","1 קמ""ר (1000 דונם)",60,"לקמ""ר",לא צוין,"מחיר מינימום להזמנה 400 ש""ח"
34,"שכבות מידע גאוגרפי (בנט""ל)","בנט""ל - מערך נתוני תחבורה 1:2,500",כיסוי ארצי,80000,לכיסוי ארצי,לא צוין,
34,"שכבות מידע גאוגרפי (בנט""ל)","בנט""ל - מערך נתוני תחבורה 1:2,500",כיסוי ארצי - רישיון ארגוני,160000,לכיסוי ארצי,לא צוין,
35,"שכבות מידע גאוגרפי (בנט""ל)","בנט""ל - מערך נתוני מבנים 1:2,500","1 קמ""ר (1000 דונם)",60,"לקמ""ר",לא צוין,"מחיר מינימום להזמנה 400 ש""ח"
35,"שכבות מידע גאוגרפי (בנט""ל)","בנט""ל - מערך נתוני מבנים 1:2,500",כיסוי ארצי,80000,לכיסוי ארצי,לא צוין,
35,"שכבות מידע גאוגרפי (בנט""ל)","בנט""ל - מערך נתוני מבנים 1:2,500",כיסוי ארצי - רישיון ארגוני,160000,לכיסוי ארצי,לא צוין,
36,"שכבות מידע גאוגרפי (בנט""ל)","בנט""ל - מאגר נקודות כתובת מורחב (כתובות + גוש וחלקה)",כתובת בודדת,0.25,לכתובת,לא צוין,"מחיר מינימום להזמנה 400 ש""ח"
36,"שכבות מידע גאוגרפי (בנט""ל)","בנט""ל - מאגר נקודות כתובת מורחב (כתובות + גוש וחלקה)",כיסוי ארצי,30000,לכיסוי ארצי,לא צוין,
36,"שכבות מידע גאוגרפי (בנט""ל)","בנט""ל - מאגר נקודות כתובת מורחב (כתובות + גוש וחלקה)",כיסוי ארצי - רישיון ארגוני,60000,לכיסוי ארצי,לא צוין,
37,"שכבות מידע גאוגרפי (בנט""ל)","בנט""ל - תיחומי שכונות (1:15,000)",מחוז בודד לפי משרד הפנים,5000,למחוז,לא צוין,
37,"שכבות מידע גאוגרפי (בנט""ל)","בנט""ל - תיחומי שכונות (1:15,000)",כיסוי ארצי,15000,לכיסוי ארצי,לא צוין,
37,"שכבות מידע גאוגרפי (בנט""ל)","בנט""ל - תיחומי שכונות (1:15,000)",כיסוי ארצי - רישיון ארגוני,30000,לכיסוי ארצי,לא צוין,
39,DTM/DSM,מודלי גבהים - DSM ברזולוציה של 50 סנטימטר לפיקסל,"שטח: עד 5 קמ""ר",73,"לקמ""ר (1000 דונם)",לא צוין,"מחיר מינימום להזמנה 400 ש""ח"
39,DTM/DSM,מודלי גבהים - DSM ברזולוציה של 50 סנטימטר לפיקסל,"שטח: 5-50 קמ""ר",67,"לקמ""ר (1000 דונם)",לא צוין,"מחיר מינימום להזמנה 400 ש""ח"
39,DTM/DSM,מודלי גבהים - DSM ברזולוציה של 50 סנטימטר לפיקסל,"שטח: 50-500 קמ""ר",63,"לקמ""ר (1000 דונם)",לא צוין,"מחיר מינימום להזמנה 400 ש""ח"
39,DTM/DSM,מודלי גבהים - DSM ברזולוציה של 50 סנטימטר לפיקסל,"שטח: מעל 500-2,000 קמ""ר",56,"לקמ""ר (1000 דונם)",לא צוין,"מחיר מינימום להזמנה 400 ש""ח"
39,DTM/DSM,מודלי גבהים - DSM ברזולוציה של 50 סנטימטר לפיקסל,"שטח: מעל 2,000 קמ""ר",53,"לקמ""ר (1000 דונם)",לא צוין,"מחיר מינימום להזמנה 400 ש""ח"
40,DTM/DSM,מודלי גבהים - DTM ברזולוציה של 50 סנטימטר לפיקסל,"שטח: עד 5 קמ""ר",66,"לקמ""ר (1000 דונם)",לא צוין,"מחיר מינימום להזמנה 400 ש""ח"
40,DTM/DSM,מודלי גבהים - DTM ברזולוציה של 50 סנטימטר לפיקסל,"שטח: 5-50 קמ""ר",63,"לקמ""ר (1000 דונם)",לא צוין,"מחיר מינימום להזמנה 400 ש""ח"
40,DTM/DSM,מודלי גבהים - DTM ברזולוציה של 50 סנטימטר לפיקסל,"שטח: 50-500 קמ""ר",57,"לקמ""ר (1000 דונם)",לא צוין,"מחיר מינימום להזמנה 400 ש""ח"
40,DTM/DSM,מודלי גבהים - DTM ברזולוציה של 50 סנטימטר לפיקסל,"שטח: מעל 500-2,000 קמ""ר",52,"לקמ""ר (1000 דונם)",לא צוין,"מחיר מינימום להזמנה 400 ש""ח"
40,DTM/DSM,מודלי גבהים - DTM ברזולוציה של 50 סנטימטר לפיקסל,"שטח: מעל 2,000 קמ""ר",47,"לקמ""ר (1000 דונם)",לא צוין,"מחיר מינימום להזמנה 400 ש""ח"
41,אורתופוטו,אורתופוטו ברזולוציה של 20 סנטימטר לפיקסל (RGB / CIR),"שטח: עד 150 קמ""ר",360,"לקמ""ר (1000 דונם)",לא צוין,"מחיר מינימום להזמנה 400 ש""ח; מופיע תחת כותרת ""מודלי גבהים"""
41,אורתופוטו,אורתופוטו ברזולוציה של 20 סנטימטר לפיקסל (RGB / CIR),"שטח: 150-400 קמ""ר",225,"לקמ""ר (1000 דונם)",לא צוין,"מחיר מינימום להזמנה 400 ש""ח; מופיע תחת כותרת ""מודלי גבהים"""
41,אורתופוטו,אורתופוטו ברזולוציה של 20 סנטימטר לפיקסל (RGB / CIR),"שטח: 400-1000 קמ""ר",180,"לקמ""ר (1000 דונם)",לא צוין,"מחיר מינימום להזמנה 400 ש""ח; מופיע תחת כותרת ""מודלי גבהים"""
41,אורתופוטו,אורתופוטו ברזולוציה של 20 סנטימטר לפיקסל (RGB / CIR),"שטח: מעל 1,000 קמ""ר",100,"לקמ""ר (1000 דונם)",לא צוין,"מחיר מינימום להזמנה 400 ש""ח; מופיע תחת כותרת ""מודלי גבהים"""
42,ענן נקודות,"מודלי גבהים - ענן נקודות תלת מימדי צבעוני (9-12 נקודות ל-1 מ""ר)","שטח: עד 5 קמ""ר",69,"לקמ""ר (1000 דונם)",לא צוין,"מחיר מינימום להזמנה 400 ש""ח"
42,ענן נקודות,"מודלי גבהים - ענן נקודות תלת מימדי צבעוני (9-12 נקודות ל-1 מ""ר)","שטח: 5-50 קמ""ר",65,"לקמ""ר (1000 דונם)",לא צוין,"מחיר מינימום להזמנה 400 ש""ח"
42,ענן נקודות,"מודלי גבהים - ענן נקודות תלת מימדי צבעוני (9-12 נקודות ל-1 מ""ר)","שטח: 50-500 קמ""ר",59,"לקמ""ר (1000 דונם)",לא צוין,"מחיר מינימום להזמנה 400 ש""ח"
42,ענן נקודות,"מודלי גבהים - ענן נקודות תלת מימדי צבעוני (9-12 נקודות ל-1 מ""ר)","שטח: מעל 500-2,000 קמ""ר",54,"לקמ""ר (1000 דונם)",לא צוין,"מחיר מינימום להזמנה 400 ש""ח"
42,ענן נקודות,"מודלי גבהים - ענן נקודות תלת מימדי צבעוני (9-12 נקודות ל-1 מ""ר)","שטח: מעל 2,000 קמ""ר",49,"לקמ""ר (1000 דונם)",לא צוין,"מחיר מינימום להזמנה 400 ש""ח"
44,מפה בהתאמה אישית,מפה בהתאמה אישית,"A4 (21X30 ס""מ) - עם אורתופוטו",170,למפה,לא צוין,
44,מפה בהתאמה אישית,מפה בהתאמה אישית,"A4 (21X30 ס""מ) - ללא אורתופוטו",160,למפה,לא צוין,
44,מפה בהתאמה אישית,מפה בהתאמה אישית,"A3 (30X42 ס""מ) - עם אורתופוטו",200,למפה,לא צוין,
44,מפה בהתאמה אישית,מפה בהתאמה אישית,"A3 (30X42 ס""מ) - ללא אורתופוטו",170,למפה,לא צוין,
44,מפה בהתאמה אישית,מפה בהתאמה אישית,"A2 (42X59 ס""מ) - עם אורתופוטו",245,למפה,לא צוין,
44,מפה בהתאמה אישית,מפה בהתאמה אישית,"A2 (42X59 ס""מ) - ללא אורתופוטו",200,למפה,לא צוין,
44,מפה בהתאמה אישית,מפה בהתאמה אישית,"A1 (59X84 ס""מ) - עם אורתופוטו",340,למפה,לא צוין,
44,מפה בהתאמה אישית,מפה בהתאמה אישית,"A1 (59X84 ס""מ) - ללא אורתופוטו",250,למפה,לא צוין,
44,מפה בהתאמה אישית,מפה בהתאמה אישית,"A0 (84X119 ס""מ) - עם אורתופוטו",540,למפה,לא צוין,
44,מפה בהתאמה אישית,מפה בהתאמה אישית,"A0 (84X119 ס""מ) - ללא אורתופוטו",350,למפה,לא צוין,
46,אגרות ביקורת קדסטר,עלות רכב שטח (שעת עבודה לפי תקנות המדידה אגרות 1977),נסיעה,2.17,"לק""מ",לא צוין,"שעת העבודה עצמה לפי תקנות המדידה (אגרות) 1977, לא מפורטת במסמך"
46,אגרות ביקורת קדסטר,אגרת ביקורת במסלול מודד מבקר,מודד מבקר רישום ראשוני,1000,לשירות,לא צוין,
46,אגרות ביקורת קדסטר,אגרת ביקורת במסלול מודד מבקר,מודד מבקר עד 10 חלקות,1150,לשירות,לא צוין,
46,אגרות ביקורת קדסטר,אגרת ביקורת במסלול מודד מבקר,מודד מבקר עד 50 חלקות,1700,לשירות,לא צוין,
46,אגרות ביקורת קדסטר,אגרת ביקורת במסלול מודד מבקר,מודד מבקר עד 100 חלקות,2200,לשירות,לא צוין,
46,אגרות ביקורת קדסטר,אגרת ביקורת במסלול מודד מבקר,תוספת לכל חלקה מעל 100 חלקות,11,לחלקה,לא צוין,
46,אגרות ביקורת קדסטר,"רישום מספרים סופיים בתצ""ר","תצ""ר",500,"לתצ""ר",לא צוין,
51,תעודות עובד ציבור,תעודת עובד ציבור לחיבור מבנה ישן לרשת החשמל,תעודה,1700,לתעודה,לא צוין,
51,תעודות עובד ציבור,תעודת עובד ציבור לחיבור מבנה ישן לרשת החשמל,תוספת לכל מבנה,700,למבנה,לא צוין,"בנוסף ל-1700 ש""ח לתעודה"
51,תעודות עובד ציבור,תעודת עובד ציבור זמני שקיעה/זריחה,תעודה,300,לתעודה,לא צוין,
51,תעודות עובד ציבור,תעודת עובד ציבור גבולות,תעודה,500,לתעודה,לא צוין,
51,תעודות עובד ציבור,"תעודת עובד ציבור בנק""ל",תעודה,500,לתעודה,לא צוין,
53,שירותי מפות רקע (WS),שירותי רקע (WS) של המרכז למיפוי ישראל,רשות מקומית/מועצה מקומית/וועדה לתכנון,2000,לשנה,לא צוין,מחירי השקה לתקופה מוגבלת
53,שירותי מפות רקע (WS),שירותי רקע (WS) של המרכז למיפוי ישראל,אשכול רשויות מקומיות,5000,לשנה,לא צוין,מחירי השקה לתקופה מוגבלת
53,שירותי מפות רקע (WS),שירותי רקע (WS) של המרכז למיפוי ישראל,לקוח ממשלתי,24750,לשנה,לא צוין,מחירי השקה לתקופה מוגבלת
53,שירותי מפות רקע (WS),שירותי רקע (WS) של המרכז למיפוי ישראל,"לקוח עסקי: 1-100,000 בקשות בחודש, 1-5 משתמשים בארגון",4600,לשנה,לא צוין,"מחירי השקה לתקופה מוגבלת; מעל 5,000,000 בקשות / 250 משתמשים - ועדת מחירים"
53,שירותי מפות רקע (WS),שירותי רקע (WS) של המרכז למיפוי ישראל,"לקוח עסקי: 100,001-400,000 בקשות בחודש, 6-15 משתמשים בארגון",11650,לשנה,לא צוין,"מחירי השקה לתקופה מוגבלת; מעל 5,000,000 בקשות / 250 משתמשים - ועדת מחירים"
53,שירותי מפות רקע (WS),שירותי רקע (WS) של המרכז למיפוי ישראל,"לקוח עסקי: 400,001-1,000,000 בקשות בחודש, 16-50 משתמשים בארגון",23500,לשנה,לא צוין,"מחירי השקה לתקופה מוגבלת; מעל 5,000,000 בקשות / 250 משתמשים - ועדת מחירים"
53,שירותי מפות רקע (WS),שירותי רקע (WS) של המרכז למיפוי ישראל,"לקוח עסקי: 1,000,001-2,000,000 בקשות בחודש, 51-100 משתמשים בארגון",41250,לשנה,לא צוין,"מחירי השקה לתקופה מוגבלת; מעל 5,000,000 בקשות / 250 משתמשים - ועדת מחירים"
53,שירותי מפות רקע (WS),שירותי רקע (WS) של המרכז למיפוי ישראל,"לקוח עסקי: 2,000,001-5,000,000 בקשות בחודש, 101-250 משתמשים בארגון",74450,לשנה,לא צוין,"מחירי השקה לתקופה מוגבלת; מעל 5,000,000 בקשות / 250 משתמשים - ועדת מחירים"
