protocol_file,protocol_date,protocol_subject,page,product,variant,decided_price_ils,previous_price_ils,unit,decision_type,cost_basis,signed_or_approved,notes
פרוטוקול ועדת מחירים מתאריך19 בינואר 2020.pdf,2020-01-19,"מתן מוצרים עד 5,000 ₪ ללא תשלום בתמורה לקרדיט (פרסום במקום ציבורי)",2,"מוצרים (דיגיטליים, תצ""א, מפות) לפרסום במקום ציבורי (תערוכה/מוזיאון/תקשורת)","עד שווי 5,000 ₪ לפי מחירון",,,₪ (שווי מחירון),פטור,,"חתום בכתב יד (דף חתימות עם חתימות ידניות; לא ברור אם של כל החברים); הוכן ע""י ורד בלום","פטור מתשלום עד 5,000 ₪ בכפוף לקרדיט למפ""י ולרישיון שימוש סעיף ב'7; מעל 5,000 ₪ הלקוח משלם את העלות בקיזוז 5,000 ₪"
פרוטוקול ועדת מחירים מתאריך19 בינואר 2020.pdf,2020-01-19,"מתן מוצרים עד 5,000 ₪ ללא תשלום בתמורה לקרדיט (פרסום במקום ציבורי)",2,מוצרים לפרסום בספר,,,,,מדיניות,,"חתום בכתב יד (דף חתימות עם חתימות ידניות; לא ברור אם של כל החברים); הוכן ע""י ורד בלום",לשם הסר ספק: פרסום בספר - הלקוח רוכש את המוצר בהתאם למחירון (אין פטור)
פרוטוקול ועדת מחירים מתאריך19 בינואר 2020.pdf,2020-01-19,קביעת מחירים עבור נתוני גבהים,2,נתוני גבהים,מחיר מינימום להזמנה (פוליגון אזור עניין),400,,₪ להזמנה,מדיניות,לא הוסבר,"חתום בכתב יד (דף חתימות עם חתימות ידניות; לא ברור אם של כל החברים); הוכן ע""י ורד בלום",המשך לדיון מ-10/12/19 (פרוטוקול לא נמסר) שבו הוגדרו חבילות מוצרי גובה והמלצת מחיר
פרוטוקול בנושא מחירי גבהים מ7 ביוני 2020.pdf,2020-06-07,מחירי גבהים (פרוטוקול הרחבה לפרוטוקול 07/06/2020),2-3,מוצר גובה (1),"עד 5 קמ""ר",69,,"₪ לקמ""ר",מחיר חדש,"מחיר בסיס 60 ₪ + ""קרן רווח"" מדורגת 15%, מעוגל (טבלת ערן קינן)","אושר: ""הועדה מאשרת את המחירים כאמור""; חתום בכתב יד (דף חתימות עם כמה חתימות ידניות)","שמות המוצרים (1)-(9) אינם מפורטים בפרוטוקול (הוגדרו בדיון 10/12/19 שלא נמסר); הדפים סרוקים הפוך/מסובבים. ההחלטה: אישור לאור הקורונה, בדיקת כלכלן מתוכננת ב-2021"
פרוטוקול בנושא מחירי גבהים מ7 ביוני 2020.pdf,2020-06-07,מחירי גבהים (פרוטוקול הרחבה לפרוטוקול 07/06/2020),2-3,מוצר גובה (1),"5-50 קמ""ר",65,,"₪ לקמ""ר",מחיר חדש,"מחיר בסיס 58 ₪ + ""קרן רווח"" מדורגת 12.5%, מעוגל (טבלת ערן קינן)","אושר: ""הועדה מאשרת את המחירים כאמור""; חתום בכתב יד (דף חתימות עם כמה חתימות ידניות)","שמות המוצרים (1)-(9) אינם מפורטים בפרוטוקול (הוגדרו בדיון 10/12/19 שלא נמסר); הדפים סרוקים הפוך/מסובבים. ההחלטה: אישור לאור הקורונה, בדיקת כלכלן מתוכננת ב-2021"
פרוטוקול בנושא מחירי גבהים מ7 ביוני 2020.pdf,2020-06-07,מחירי גבהים (פרוטוקול הרחבה לפרוטוקול 07/06/2020),2-3,מוצר גובה (1),"50-500 קמ""ר",59,,"₪ לקמ""ר",מחיר חדש,"מחיר בסיס 54 ₪ + ""קרן רווח"" מדורגת 10%, מעוגל (טבלת ערן קינן)","אושר: ""הועדה מאשרת את המחירים כאמור""; חתום בכתב יד (דף חתימות עם כמה חתימות ידניות)","שמות המוצרים (1)-(9) אינם מפורטים בפרוטוקול (הוגדרו בדיון 10/12/19 שלא נמסר); הדפים סרוקים הפוך/מסובבים. ההחלטה: אישור לאור הקורונה, בדיקת כלכלן מתוכננת ב-2021"
פרוטוקול בנושא מחירי גבהים מ7 ביוני 2020.pdf,2020-06-07,מחירי גבהים (פרוטוקול הרחבה לפרוטוקול 07/06/2020),2-3,מוצר גובה (1),"500-2000 קמ""ר",54,,"₪ לקמ""ר",מחיר חדש,"מחיר בסיס 52 ₪ + ""קרן רווח"" מדורגת 5%, מעוגל (טבלת ערן קינן)","אושר: ""הועדה מאשרת את המחירים כאמור""; חתום בכתב יד (דף חתימות עם כמה חתימות ידניות)","שמות המוצרים (1)-(9) אינם מפורטים בפרוטוקול (הוגדרו בדיון 10/12/19 שלא נמסר); הדפים סרוקים הפוך/מסובבים. ההחלטה: אישור לאור הקורונה, בדיקת כלכלן מתוכננת ב-2021"
פרוטוקול בנושא מחירי גבהים מ7 ביוני 2020.pdf,2020-06-07,מחירי גבהים (פרוטוקול הרחבה לפרוטוקול 07/06/2020),2-3,מוצר גובה (1),"מעל 2000 קמ""ר",49,,"₪ לקמ""ר",מחיר חדש,"מחיר בסיס 48 ₪ + ""קרן רווח"" מדורגת 2.5%, מעוגל (טבלת ערן קינן)","אושר: ""הועדה מאשרת את המחירים כאמור""; חתום בכתב יד (דף חתימות עם כמה חתימות ידניות)","שמות המוצרים (1)-(9) אינם מפורטים בפרוטוקול (הוגדרו בדיון 10/12/19 שלא נמסר); הדפים סרוקים הפוך/מסובבים. ההחלטה: אישור לאור הקורונה, בדיקת כלכלן מתוכננת ב-2021"
פרוטוקול בנושא מחירי גבהים מ7 ביוני 2020.pdf,2020-06-07,מחירי גבהים (פרוטוקול הרחבה לפרוטוקול 07/06/2020),2-3,מוצר גובה (2),"עד 5 קמ""ר",73,,"₪ לקמ""ר",מחיר חדש,"מחיר בסיס 64 ₪ + ""קרן רווח"" מדורגת 15%, מעוגל (טבלת ערן קינן)","אושר: ""הועדה מאשרת את המחירים כאמור""; חתום בכתב יד (דף חתימות עם כמה חתימות ידניות)","שמות המוצרים (1)-(9) אינם מפורטים בפרוטוקול (הוגדרו בדיון 10/12/19 שלא נמסר); הדפים סרוקים הפוך/מסובבים. ההחלטה: אישור לאור הקורונה, בדיקת כלכלן מתוכננת ב-2021"
פרוטוקול בנושא מחירי גבהים מ7 ביוני 2020.pdf,2020-06-07,מחירי גבהים (פרוטוקול הרחבה לפרוטוקול 07/06/2020),2-3,מוצר גובה (2),"5-50 קמ""ר",67,,"₪ לקמ""ר",מחיר חדש,"מחיר בסיס 60 ₪ + ""קרן רווח"" מדורגת 12.5%, מעוגל (טבלת ערן קינן)","אושר: ""הועדה מאשרת את המחירים כאמור""; חתום בכתב יד (דף חתימות עם כמה חתימות ידניות)","שמות המוצרים (1)-(9) אינם מפורטים בפרוטוקול (הוגדרו בדיון 10/12/19 שלא נמסר); הדפים סרוקים הפוך/מסובבים. ההחלטה: אישור לאור הקורונה, בדיקת כלכלן מתוכננת ב-2021"
פרוטוקול בנושא מחירי גבהים מ7 ביוני 2020.pdf,2020-06-07,מחירי גבהים (פרוטוקול הרחבה לפרוטוקול 07/06/2020),2-3,מוצר גובה (2),"50-500 קמ""ר",63,,"₪ לקמ""ר",מחיר חדש,"מחיר בסיס 58 ₪ + ""קרן רווח"" מדורגת 10%, מעוגל (טבלת ערן קינן)","אושר: ""הועדה מאשרת את המחירים כאמור""; חתום בכתב יד (דף חתימות עם כמה חתימות ידניות)","שמות המוצרים (1)-(9) אינם מפורטים בפרוטוקול (הוגדרו בדיון 10/12/19 שלא נמסר); הדפים סרוקים הפוך/מסובבים. ההחלטה: אישור לאור הקורונה, בדיקת כלכלן מתוכננת ב-2021"
פרוטוקול בנושא מחירי גבהים מ7 ביוני 2020.pdf,2020-06-07,מחירי גבהים (פרוטוקול הרחבה לפרוטוקול 07/06/2020),2-3,מוצר גובה (2),"500-2000 קמ""ר",56,,"₪ לקמ""ר",מחיר חדש,"מחיר בסיס 54 ₪ + ""קרן רווח"" מדורגת 5%, מעוגל (טבלת ערן קינן)","אושר: ""הועדה מאשרת את המחירים כאמור""; חתום בכתב יד (דף חתימות עם כמה חתימות ידניות)","שמות המוצרים (1)-(9) אינם מפורטים בפרוטוקול (הוגדרו בדיון 10/12/19 שלא נמסר); הדפים סרוקים הפוך/מסובבים. ההחלטה: אישור לאור הקורונה, בדיקת כלכלן מתוכננת ב-2021"
פרוטוקול בנושא מחירי גבהים מ7 ביוני 2020.pdf,2020-06-07,מחירי גבהים (פרוטוקול הרחבה לפרוטוקול 07/06/2020),2-3,מוצר גובה (2),"מעל 2000 קמ""ר",53,,"₪ לקמ""ר",מחיר חדש,"מחיר בסיס 52 ₪ + ""קרן רווח"" מדורגת 2.5%, מעוגל (טבלת ערן קינן)","אושר: ""הועדה מאשרת את המחירים כאמור""; חתום בכתב יד (דף חתימות עם כמה חתימות ידניות)","שמות המוצרים (1)-(9) אינם מפורטים בפרוטוקול (הוגדרו בדיון 10/12/19 שלא נמסר); הדפים סרוקים הפוך/מסובבים. ההחלטה: אישור לאור הקורונה, בדיקת כלכלן מתוכננת ב-2021"
פרוטוקול בנושא מחירי גבהים מ7 ביוני 2020.pdf,2020-06-07,מחירי גבהים (פרוטוקול הרחבה לפרוטוקול 07/06/2020),2-3,מוצר גובה (3),"עד 5 קמ""ר",108,,"₪ לקמ""ר",מחיר חדש,"מחיר בסיס 94 ₪ + ""קרן רווח"" מדורגת 15%, מעוגל (טבלת ערן קינן)","אושר: ""הועדה מאשרת את המחירים כאמור""; חתום בכתב יד (דף חתימות עם כמה חתימות ידניות)","שמות המוצרים (1)-(9) אינם מפורטים בפרוטוקול (הוגדרו בדיון 10/12/19 שלא נמסר); הדפים סרוקים הפוך/מסובבים. ההחלטה: אישור לאור הקורונה, בדיקת כלכלן מתוכננת ב-2021"
פרוטוקול בנושא מחירי גבהים מ7 ביוני 2020.pdf,2020-06-07,מחירי גבהים (פרוטוקול הרחבה לפרוטוקול 07/06/2020),2-3,מוצר גובה (3),"5-50 קמ""ר",101,,"₪ לקמ""ר",מחיר חדש,"מחיר בסיס 90 ₪ + ""קרן רווח"" מדורגת 12.5%, מעוגל (טבלת ערן קינן)","אושר: ""הועדה מאשרת את המחירים כאמור""; חתום בכתב יד (דף חתימות עם כמה חתימות ידניות)","שמות המוצרים (1)-(9) אינם מפורטים בפרוטוקול (הוגדרו בדיון 10/12/19 שלא נמסר); הדפים סרוקים הפוך/מסובבים. ההחלטה: אישור לאור הקורונה, בדיקת כלכלן מתוכננת ב-2021"
פרוטוקול בנושא מחירי גבהים מ7 ביוני 2020.pdf,2020-06-07,מחירי גבהים (פרוטוקול הרחבה לפרוטוקול 07/06/2020),2-3,מוצר גובה (3),"50-500 קמ""ר",92,,"₪ לקמ""ר",מחיר חדש,"מחיר בסיס 84 ₪ + ""קרן רווח"" מדורגת 10%, מעוגל (טבלת ערן קינן)","אושר: ""הועדה מאשרת את המחירים כאמור""; חתום בכתב יד (דף חתימות עם כמה חתימות ידניות)","שמות המוצרים (1)-(9) אינם מפורטים בפרוטוקול (הוגדרו בדיון 10/12/19 שלא נמסר); הדפים סרוקים הפוך/מסובבים. ההחלטה: אישור לאור הקורונה, בדיקת כלכלן מתוכננת ב-2021"
פרוטוקול בנושא מחירי גבהים מ7 ביוני 2020.pdf,2020-06-07,מחירי גבהים (פרוטוקול הרחבה לפרוטוקול 07/06/2020),2-3,מוצר גובה (3),"500-2000 קמ""ר",84,,"₪ לקמ""ר",מחיר חדש,"מחיר בסיס 80 ₪ + ""קרן רווח"" מדורגת 5%, מעוגל (טבלת ערן קינן)","אושר: ""הועדה מאשרת את המחירים כאמור""; חתום בכתב יד (דף חתימות עם כמה חתימות ידניות)","שמות המוצרים (1)-(9) אינם מפורטים בפרוטוקול (הוגדרו בדיון 10/12/19 שלא נמסר); הדפים סרוקים הפוך/מסובבים. ההחלטה: אישור לאור הקורונה, בדיקת כלכלן מתוכננת ב-2021"
פרוטוקול בנושא מחירי גבהים מ7 ביוני 2020.pdf,2020-06-07,מחירי גבהים (פרוטוקול הרחבה לפרוטוקול 07/06/2020),2-3,מוצר גובה (3),"מעל 2000 קמ""ר",77,,"₪ לקמ""ר",מחיר חדש,"מחיר בסיס 76 ₪ + ""קרן רווח"" מדורגת 2.5%, מעוגל (טבלת ערן קינן)","אושר: ""הועדה מאשרת את המחירים כאמור""; חתום בכתב יד (דף חתימות עם כמה חתימות ידניות)","שמות המוצרים (1)-(9) אינם מפורטים בפרוטוקול (הוגדרו בדיון 10/12/19 שלא נמסר); הדפים סרוקים הפוך/מסובבים. ההחלטה: אישור לאור הקורונה, בדיקת כלכלן מתוכננת ב-2021"
פרוטוקול בנושא מחירי גבהים מ7 ביוני 2020.pdf,2020-06-07,מחירי גבהים (פרוטוקול הרחבה לפרוטוקול 07/06/2020),2-3,מוצר גובה (4),"עד 5 קמ""ר",66,,"₪ לקמ""ר",מחיר חדש,"מחיר בסיס 58 ₪ + ""קרן רווח"" מדורגת 15%, מעוגל (טבלת ערן קינן)","אושר: ""הועדה מאשרת את המחירים כאמור""; חתום בכתב יד (דף חתימות עם כמה חתימות ידניות)","שמות המוצרים (1)-(9) אינם מפורטים בפרוטוקול (הוגדרו בדיון 10/12/19 שלא נמסר); הדפים סרוקים הפוך/מסובבים. ההחלטה: אישור לאור הקורונה, בדיקת כלכלן מתוכננת ב-2021"
פרוטוקול בנושא מחירי גבהים מ7 ביוני 2020.pdf,2020-06-07,מחירי גבהים (פרוטוקול הרחבה לפרוטוקול 07/06/2020),2-3,מוצר גובה (4),"5-50 קמ""ר",63,,"₪ לקמ""ר",מחיר חדש,"מחיר בסיס 56 ₪ + ""קרן רווח"" מדורגת 12.5%, מעוגל (טבלת ערן קינן)","אושר: ""הועדה מאשרת את המחירים כאמור""; חתום בכתב יד (דף חתימות עם כמה חתימות ידניות)","שמות המוצרים (1)-(9) אינם מפורטים בפרוטוקול (הוגדרו בדיון 10/12/19 שלא נמסר); הדפים סרוקים הפוך/מסובבים. ההחלטה: אישור לאור הקורונה, בדיקת כלכלן מתוכננת ב-2021"
פרוטוקול בנושא מחירי גבהים מ7 ביוני 2020.pdf,2020-06-07,מחירי גבהים (פרוטוקול הרחבה לפרוטוקול 07/06/2020),2-3,מוצר גובה (4),"50-500 קמ""ר",57,,"₪ לקמ""ר",מחיר חדש,"מחיר בסיס 52 ₪ + ""קרן רווח"" מדורגת 10%, מעוגל (טבלת ערן קינן)","אושר: ""הועדה מאשרת את המחירים כאמור""; חתום בכתב יד (דף חתימות עם כמה חתימות ידניות)","שמות המוצרים (1)-(9) אינם מפורטים בפרוטוקול (הוגדרו בדיון 10/12/19 שלא נמסר); הדפים סרוקים הפוך/מסובבים. ההחלטה: אישור לאור הקורונה, בדיקת כלכלן מתוכננת ב-2021"
פרוטוקול בנושא מחירי גבהים מ7 ביוני 2020.pdf,2020-06-07,מחירי גבהים (פרוטוקול הרחבה לפרוטוקול 07/06/2020),2-3,מוצר גובה (4),"500-2000 קמ""ר",52,,"₪ לקמ""ר",מחיר חדש,"מחיר בסיס 50 ₪ + ""קרן רווח"" מדורגת 5%, מעוגל (טבלת ערן קינן)","אושר: ""הועדה מאשרת את המחירים כאמור""; חתום בכתב יד (דף חתימות עם כמה חתימות ידניות)","שמות המוצרים (1)-(9) אינם מפורטים בפרוטוקול (הוגדרו בדיון 10/12/19 שלא נמסר); הדפים סרוקים הפוך/מסובבים. ההחלטה: אישור לאור הקורונה, בדיקת כלכלן מתוכננת ב-2021"
פרוטוקול בנושא מחירי גבהים מ7 ביוני 2020.pdf,2020-06-07,מחירי גבהים (פרוטוקול הרחבה לפרוטוקול 07/06/2020),2-3,מוצר גובה (4),"מעל 2000 קמ""ר",47,,"₪ לקמ""ר",מחיר חדש,"מחיר בסיס 46 ₪ + ""קרן רווח"" מדורגת 2.5%, מעוגל (טבלת ערן קינן)","אושר: ""הועדה מאשרת את המחירים כאמור""; חתום בכתב יד (דף חתימות עם כמה חתימות ידניות)","שמות המוצרים (1)-(9) אינם מפורטים בפרוטוקול (הוגדרו בדיון 10/12/19 שלא נמסר); הדפים סרוקים הפוך/מסובבים. ההחלטה: אישור לאור הקורונה, בדיקת כלכלן מתוכננת ב-2021"
פרוטוקול בנושא מחירי גבהים מ7 ביוני 2020.pdf,2020-06-07,מחירי גבהים (פרוטוקול הרחבה לפרוטוקול 07/06/2020),2-3,מוצר גובה (5),"עד 5 קמ""ר",147,,"₪ לקמ""ר",מחיר חדש,"מחיר בסיס 128 ₪ + ""קרן רווח"" מדורגת 15%, מעוגל (טבלת ערן קינן)","אושר: ""הועדה מאשרת את המחירים כאמור""; חתום בכתב יד (דף חתימות עם כמה חתימות ידניות)","שמות המוצרים (1)-(9) אינם מפורטים בפרוטוקול (הוגדרו בדיון 10/12/19 שלא נמסר); הדפים סרוקים הפוך/מסובבים. ההחלטה: אישור לאור הקורונה, בדיקת כלכלן מתוכננת ב-2021"
פרוטוקול בנושא מחירי גבהים מ7 ביוני 2020.pdf,2020-06-07,מחירי גבהים (פרוטוקול הרחבה לפרוטוקול 07/06/2020),2-3,מוצר גובה (5),"5-50 קמ""ר",137,,"₪ לקמ""ר",מחיר חדש,"מחיר בסיס 122 ₪ + ""קרן רווח"" מדורגת 12.5%, מעוגל (טבלת ערן קינן)","אושר: ""הועדה מאשרת את המחירים כאמור""; חתום בכתב יד (דף חתימות עם כמה חתימות ידניות)","שמות המוצרים (1)-(9) אינם מפורטים בפרוטוקול (הוגדרו בדיון 10/12/19 שלא נמסר); הדפים סרוקים הפוך/מסובבים. ההחלטה: אישור לאור הקורונה, בדיקת כלכלן מתוכננת ב-2021"
פרוטוקול בנושא מחירי גבהים מ7 ביוני 2020.pdf,2020-06-07,מחירי גבהים (פרוטוקול הרחבה לפרוטוקול 07/06/2020),2-3,מוצר גובה (5),"50-500 קמ""ר",125,,"₪ לקמ""ר",מחיר חדש,"מחיר בסיס 114 ₪ + ""קרן רווח"" מדורגת 10%, מעוגל (טבלת ערן קינן)","אושר: ""הועדה מאשרת את המחירים כאמור""; חתום בכתב יד (דף חתימות עם כמה חתימות ידניות)","שמות המוצרים (1)-(9) אינם מפורטים בפרוטוקול (הוגדרו בדיון 10/12/19 שלא נמסר); הדפים סרוקים הפוך/מסובבים. ההחלטה: אישור לאור הקורונה, בדיקת כלכלן מתוכננת ב-2021"
פרוטוקול בנושא מחירי גבהים מ7 ביוני 2020.pdf,2020-06-07,מחירי גבהים (פרוטוקול הרחבה לפרוטוקול 07/06/2020),2-3,מוצר גובה (5),"500-2000 קמ""ר",113,,"₪ לקמ""ר",מחיר חדש,"מחיר בסיס 108 ₪ + ""קרן רווח"" מדורגת 5%, מעוגל (טבלת ערן קינן)","אושר: ""הועדה מאשרת את המחירים כאמור""; חתום בכתב יד (דף חתימות עם כמה חתימות ידניות)","שמות המוצרים (1)-(9) אינם מפורטים בפרוטוקול (הוגדרו בדיון 10/12/19 שלא נמסר); הדפים סרוקים הפוך/מסובבים. ההחלטה: אישור לאור הקורונה, בדיקת כלכלן מתוכננת ב-2021"
פרוטוקול בנושא מחירי גבהים מ7 ביוני 2020.pdf,2020-06-07,מחירי גבהים (פרוטוקול הרחבה לפרוטוקול 07/06/2020),2-3,מוצר גובה (5),"מעל 2000 קמ""ר",104,,"₪ לקמ""ר",מחיר חדש,"מחיר בסיס 102 ₪ + ""קרן רווח"" מדורגת 2.5%, מעוגל (טבלת ערן קינן)","אושר: ""הועדה מאשרת את המחירים כאמור""; חתום בכתב יד (דף חתימות עם כמה חתימות ידניות)","שמות המוצרים (1)-(9) אינם מפורטים בפרוטוקול (הוגדרו בדיון 10/12/19 שלא נמסר); הדפים סרוקים הפוך/מסובבים. ההחלטה: אישור לאור הקורונה, בדיקת כלכלן מתוכננת ב-2021"
פרוטוקול בנושא מחירי גבהים מ7 ביוני 2020.pdf,2020-06-07,מחירי גבהים (פרוטוקול הרחבה לפרוטוקול 07/06/2020),2-3,מוצר גובה (6),"עד 5 קמ""ר",140,,"₪ לקמ""ר",מחיר חדש,"מחיר בסיס 122 ₪ + ""קרן רווח"" מדורגת 15%, מעוגל (טבלת ערן קינן)","אושר: ""הועדה מאשרת את המחירים כאמור""; חתום בכתב יד (דף חתימות עם כמה חתימות ידניות)","שמות המוצרים (1)-(9) אינם מפורטים בפרוטוקול (הוגדרו בדיון 10/12/19 שלא נמסר); הדפים סרוקים הפוך/מסובבים. ההחלטה: אישור לאור הקורונה, בדיקת כלכלן מתוכננת ב-2021; מוצר 6 תוקן ב-23.7.2020"
פרוטוקול בנושא מחירי גבהים מ7 ביוני 2020.pdf,2020-06-07,מחירי גבהים (פרוטוקול הרחבה לפרוטוקול 07/06/2020),2-3,מוצר גובה (6),"5-50 קמ""ר",130,,"₪ לקמ""ר",מחיר חדש,"מחיר בסיס 116 ₪ + ""קרן רווח"" מדורגת 12.5%, מעוגל (טבלת ערן קינן)","אושר: ""הועדה מאשרת את המחירים כאמור""; חתום בכתב יד (דף חתימות עם כמה חתימות ידניות)","שמות המוצרים (1)-(9) אינם מפורטים בפרוטוקול (הוגדרו בדיון 10/12/19 שלא נמסר); הדפים סרוקים הפוך/מסובבים. ההחלטה: אישור לאור הקורונה, בדיקת כלכלן מתוכננת ב-2021; מוצר 6 תוקן ב-23.7.2020"
פרוטוקול בנושא מחירי גבהים מ7 ביוני 2020.pdf,2020-06-07,מחירי גבהים (פרוטוקול הרחבה לפרוטוקול 07/06/2020),2-3,מוצר גובה (6),"50-500 קמ""ר",121,,"₪ לקמ""ר",מחיר חדש,"מחיר בסיס 110 ₪ + ""קרן רווח"" מדורגת 10%, מעוגל (טבלת ערן קינן)","אושר: ""הועדה מאשרת את המחירים כאמור""; חתום בכתב יד (דף חתימות עם כמה חתימות ידניות)","שמות המוצרים (1)-(9) אינם מפורטים בפרוטוקול (הוגדרו בדיון 10/12/19 שלא נמסר); הדפים סרוקים הפוך/מסובבים. ההחלטה: אישור לאור הקורונה, בדיקת כלכלן מתוכננת ב-2021; מוצר 6 תוקן ב-23.7.2020"
פרוטוקול בנושא מחירי גבהים מ7 ביוני 2020.pdf,2020-06-07,מחירי גבהים (פרוטוקול הרחבה לפרוטוקול 07/06/2020),2-3,מוצר גובה (6),"500-2000 קמ""ר",109,,"₪ לקמ""ר",מחיר חדש,"מחיר בסיס 104 ₪ + ""קרן רווח"" מדורגת 5%, מעוגל (טבלת ערן קינן)","אושר: ""הועדה מאשרת את המחירים כאמור""; חתום בכתב יד (דף חתימות עם כמה חתימות ידניות)","שמות המוצרים (1)-(9) אינם מפורטים בפרוטוקול (הוגדרו בדיון 10/12/19 שלא נמסר); הדפים סרוקים הפוך/מסובבים. ההחלטה: אישור לאור הקורונה, בדיקת כלכלן מתוכננת ב-2021; מוצר 6 תוקן ב-23.7.2020"
פרוטוקול בנושא מחירי גבהים מ7 ביוני 2020.pdf,2020-06-07,מחירי גבהים (פרוטוקול הרחבה לפרוטוקול 07/06/2020),2-3,מוצר גובה (6),"מעל 2000 קמ""ר",100,,"₪ לקמ""ר",מחיר חדש,"מחיר בסיס 98 ₪ + ""קרן רווח"" מדורגת 2.5%, מעוגל (טבלת ערן קינן)","אושר: ""הועדה מאשרת את המחירים כאמור""; חתום בכתב יד (דף חתימות עם כמה חתימות ידניות)","שמות המוצרים (1)-(9) אינם מפורטים בפרוטוקול (הוגדרו בדיון 10/12/19 שלא נמסר); הדפים סרוקים הפוך/מסובבים. ההחלטה: אישור לאור הקורונה, בדיקת כלכלן מתוכננת ב-2021; מוצר 6 תוקן ב-23.7.2020"
פרוטוקול בנושא מחירי גבהים מ7 ביוני 2020.pdf,2020-06-07,מחירי גבהים (פרוטוקול הרחבה לפרוטוקול 07/06/2020),2-3,מוצר גובה (7),"עד 5 קמ""ר",36,,"₪ לקמ""ר",מחיר חדש,"מחיר בסיס 32 ₪ + ""קרן רווח"" מדורגת 15%, מעוגל (טבלת ערן קינן)","אושר: ""הועדה מאשרת את המחירים כאמור""; חתום בכתב יד (דף חתימות עם כמה חתימות ידניות)","שמות המוצרים (1)-(9) אינם מפורטים בפרוטוקול (הוגדרו בדיון 10/12/19 שלא נמסר); הדפים סרוקים הפוך/מסובבים. ההחלטה: אישור לאור הקורונה, בדיקת כלכלן מתוכננת ב-2021; המוצר יותר (בוטל) ב-23.7.2020"
פרוטוקול בנושא מחירי גבהים מ7 ביוני 2020.pdf,2020-06-07,מחירי גבהים (פרוטוקול הרחבה לפרוטוקול 07/06/2020),2-3,מוצר גובה (7),"5-50 קמ""ר",36,,"₪ לקמ""ר",מחיר חדש,"מחיר בסיס 32 ₪ + ""קרן רווח"" מדורגת 12.5%, מעוגל (טבלת ערן קינן)","אושר: ""הועדה מאשרת את המחירים כאמור""; חתום בכתב יד (דף חתימות עם כמה חתימות ידניות)","שמות המוצרים (1)-(9) אינם מפורטים בפרוטוקול (הוגדרו בדיון 10/12/19 שלא נמסר); הדפים סרוקים הפוך/מסובבים. ההחלטה: אישור לאור הקורונה, בדיקת כלכלן מתוכננת ב-2021; המוצר יותר (בוטל) ב-23.7.2020"
פרוטוקול בנושא מחירי גבהים מ7 ביוני 2020.pdf,2020-06-07,מחירי גבהים (פרוטוקול הרחבה לפרוטוקול 07/06/2020),2-3,מוצר גובה (7),"50-500 קמ""ר",30,,"₪ לקמ""ר",מחיר חדש,"מחיר בסיס 28 ₪ + ""קרן רווח"" מדורגת 10%, מעוגל (טבלת ערן קינן)","אושר: ""הועדה מאשרת את המחירים כאמור""; חתום בכתב יד (דף חתימות עם כמה חתימות ידניות)","שמות המוצרים (1)-(9) אינם מפורטים בפרוטוקול (הוגדרו בדיון 10/12/19 שלא נמסר); הדפים סרוקים הפוך/מסובבים. ההחלטה: אישור לאור הקורונה, בדיקת כלכלן מתוכננת ב-2021; המוצר יותר (בוטל) ב-23.7.2020"
פרוטוקול בנושא מחירי גבהים מ7 ביוני 2020.pdf,2020-06-07,מחירי גבהים (פרוטוקול הרחבה לפרוטוקול 07/06/2020),2-3,מוצר גובה (7),"500-2000 קמ""ר",14,,"₪ לקמ""ר",מחיר חדש,"מחיר בסיס 14 ₪ + ""קרן רווח"" מדורגת 5%, מעוגל (טבלת ערן קינן)","אושר: ""הועדה מאשרת את המחירים כאמור""; חתום בכתב יד (דף חתימות עם כמה חתימות ידניות)","שמות המוצרים (1)-(9) אינם מפורטים בפרוטוקול (הוגדרו בדיון 10/12/19 שלא נמסר); הדפים סרוקים הפוך/מסובבים. ההחלטה: אישור לאור הקורונה, בדיקת כלכלן מתוכננת ב-2021; המוצר יותר (בוטל) ב-23.7.2020"
פרוטוקול בנושא מחירי גבהים מ7 ביוני 2020.pdf,2020-06-07,מחירי גבהים (פרוטוקול הרחבה לפרוטוקול 07/06/2020),2-3,מוצר גובה (7),"מעל 2000 קמ""ר",14,,"₪ לקמ""ר",מחיר חדש,"מחיר בסיס 14 ₪ + ""קרן רווח"" מדורגת 2.5%, מעוגל (טבלת ערן קינן)","אושר: ""הועדה מאשרת את המחירים כאמור""; חתום בכתב יד (דף חתימות עם כמה חתימות ידניות)","שמות המוצרים (1)-(9) אינם מפורטים בפרוטוקול (הוגדרו בדיון 10/12/19 שלא נמסר); הדפים סרוקים הפוך/מסובבים. ההחלטה: אישור לאור הקורונה, בדיקת כלכלן מתוכננת ב-2021; המוצר יותר (בוטל) ב-23.7.2020"
פרוטוקול בנושא מחירי גבהים מ7 ביוני 2020.pdf,2020-06-07,מחירי גבהים (פרוטוקול הרחבה לפרוטוקול 07/06/2020),2-3,מוצר גובה (8),"עד 5 קמ""ר",34,,"₪ לקמ""ר",מחיר חדש,"מחיר בסיס 30 ₪ + ""קרן רווח"" מדורגת 15%, מעוגל (טבלת ערן קינן)","אושר: ""הועדה מאשרת את המחירים כאמור""; חתום בכתב יד (דף חתימות עם כמה חתימות ידניות)","שמות המוצרים (1)-(9) אינם מפורטים בפרוטוקול (הוגדרו בדיון 10/12/19 שלא נמסר); הדפים סרוקים הפוך/מסובבים. ההחלטה: אישור לאור הקורונה, בדיקת כלכלן מתוכננת ב-2021"
פרוטוקול בנושא מחירי גבהים מ7 ביוני 2020.pdf,2020-06-07,מחירי גבהים (פרוטוקול הרחבה לפרוטוקול 07/06/2020),2-3,מוצר גובה (8),"5-50 קמ""ר",33,,"₪ לקמ""ר",מחיר חדש,"מחיר בסיס 30 ₪ + ""קרן רווח"" מדורגת 12.5%, מעוגל (טבלת ערן קינן)","אושר: ""הועדה מאשרת את המחירים כאמור""; חתום בכתב יד (דף חתימות עם כמה חתימות ידניות)","שמות המוצרים (1)-(9) אינם מפורטים בפרוטוקול (הוגדרו בדיון 10/12/19 שלא נמסר); הדפים סרוקים הפוך/מסובבים. ההחלטה: אישור לאור הקורונה, בדיקת כלכלן מתוכננת ב-2021"
פרוטוקול בנושא מחירי גבהים מ7 ביוני 2020.pdf,2020-06-07,מחירי גבהים (פרוטוקול הרחבה לפרוטוקול 07/06/2020),2-3,מוצר גובה (8),"50-500 קמ""ר",28,,"₪ לקמ""ר",מחיר חדש,"מחיר בסיס 26 ₪ + ""קרן רווח"" מדורגת 10%, מעוגל (טבלת ערן קינן)","אושר: ""הועדה מאשרת את המחירים כאמור""; חתום בכתב יד (דף חתימות עם כמה חתימות ידניות)","שמות המוצרים (1)-(9) אינם מפורטים בפרוטוקול (הוגדרו בדיון 10/12/19 שלא נמסר); הדפים סרוקים הפוך/מסובבים. ההחלטה: אישור לאור הקורונה, בדיקת כלכלן מתוכננת ב-2021"
פרוטוקול בנושא מחירי גבהים מ7 ביוני 2020.pdf,2020-06-07,מחירי גבהים (פרוטוקול הרחבה לפרוטוקול 07/06/2020),2-3,מוצר גובה (8),"500-2000 קמ""ר",12,,"₪ לקמ""ר",מחיר חדש,"מחיר בסיס 12 ₪ + ""קרן רווח"" מדורגת 5%, מעוגל (טבלת ערן קינן)","אושר: ""הועדה מאשרת את המחירים כאמור""; חתום בכתב יד (דף חתימות עם כמה חתימות ידניות)","שמות המוצרים (1)-(9) אינם מפורטים בפרוטוקול (הוגדרו בדיון 10/12/19 שלא נמסר); הדפים סרוקים הפוך/מסובבים. ההחלטה: אישור לאור הקורונה, בדיקת כלכלן מתוכננת ב-2021"
פרוטוקול בנושא מחירי גבהים מ7 ביוני 2020.pdf,2020-06-07,מחירי גבהים (פרוטוקול הרחבה לפרוטוקול 07/06/2020),2-3,מוצר גובה (8),"מעל 2000 קמ""ר",12,,"₪ לקמ""ר",מחיר חדש,"מחיר בסיס 12 ₪ + ""קרן רווח"" מדורגת 2.5%, מעוגל (טבלת ערן קינן)","אושר: ""הועדה מאשרת את המחירים כאמור""; חתום בכתב יד (דף חתימות עם כמה חתימות ידניות)","שמות המוצרים (1)-(9) אינם מפורטים בפרוטוקול (הוגדרו בדיון 10/12/19 שלא נמסר); הדפים סרוקים הפוך/מסובבים. ההחלטה: אישור לאור הקורונה, בדיקת כלכלן מתוכננת ב-2021"
פרוטוקול בנושא מחירי גבהים מ7 ביוני 2020.pdf,2020-06-07,מחירי גבהים (פרוטוקול הרחבה לפרוטוקול 07/06/2020),2-3,מוצר גובה (9),"עד 5 קמ""ר",71,,"₪ לקמ""ר",מחיר חדש,"מחיר בסיס 62 ₪ + ""קרן רווח"" מדורגת 15%, מעוגל (טבלת ערן קינן)","אושר: ""הועדה מאשרת את המחירים כאמור""; חתום בכתב יד (דף חתימות עם כמה חתימות ידניות)","שמות המוצרים (1)-(9) אינם מפורטים בפרוטוקול (הוגדרו בדיון 10/12/19 שלא נמסר); הדפים סרוקים הפוך/מסובבים. ההחלטה: אישור לאור הקורונה, בדיקת כלכלן מתוכננת ב-2021; המוצר יותר (בוטל) ב-23.7.2020"
פרוטוקול בנושא מחירי גבהים מ7 ביוני 2020.pdf,2020-06-07,מחירי גבהים (פרוטוקול הרחבה לפרוטוקול 07/06/2020),2-3,מוצר גובה (9),"5-50 קמ""ר",69,,"₪ לקמ""ר",מחיר חדש,"מחיר בסיס 62 ₪ + ""קרן רווח"" מדורגת 12.5%, מעוגל (טבלת ערן קינן)","אושר: ""הועדה מאשרת את המחירים כאמור""; חתום בכתב יד (דף חתימות עם כמה חתימות ידניות)","שמות המוצרים (1)-(9) אינם מפורטים בפרוטוקול (הוגדרו בדיון 10/12/19 שלא נמסר); הדפים סרוקים הפוך/מסובבים. ההחלטה: אישור לאור הקורונה, בדיקת כלכלן מתוכננת ב-2021; המוצר יותר (בוטל) ב-23.7.2020"
פרוטוקול בנושא מחירי גבהים מ7 ביוני 2020.pdf,2020-06-07,מחירי גבהים (פרוטוקול הרחבה לפרוטוקול 07/06/2020),2-3,מוצר גובה (9),"50-500 קמ""ר",61,,"₪ לקמ""ר",מחיר חדש,"מחיר בסיס 56 ₪ + ""קרן רווח"" מדורגת 10%, מעוגל (טבלת ערן קינן)","אושר: ""הועדה מאשרת את המחירים כאמור""; חתום בכתב יד (דף חתימות עם כמה חתימות ידניות)","שמות המוצרים (1)-(9) אינם מפורטים בפרוטוקול (הוגדרו בדיון 10/12/19 שלא נמסר); הדפים סרוקים הפוך/מסובבים. ההחלטה: אישור לאור הקורונה, בדיקת כלכלן מתוכננת ב-2021; המוצר יותר (בוטל) ב-23.7.2020"
פרוטוקול בנושא מחירי גבהים מ7 ביוני 2020.pdf,2020-06-07,מחירי גבהים (פרוטוקול הרחבה לפרוטוקול 07/06/2020),2-3,מוצר גובה (9),"500-2000 קמ""ר",50,,"₪ לקמ""ר",מחיר חדש,"מחיר בסיס 48 ₪ + ""קרן רווח"" מדורגת 5%, מעוגל (טבלת ערן קינן)","אושר: ""הועדה מאשרת את המחירים כאמור""; חתום בכתב יד (דף חתימות עם כמה חתימות ידניות)","שמות המוצרים (1)-(9) אינם מפורטים בפרוטוקול (הוגדרו בדיון 10/12/19 שלא נמסר); הדפים סרוקים הפוך/מסובבים. ההחלטה: אישור לאור הקורונה, בדיקת כלכלן מתוכננת ב-2021; המוצר יותר (בוטל) ב-23.7.2020"
פרוטוקול בנושא מחירי גבהים מ7 ביוני 2020.pdf,2020-06-07,מחירי גבהים (פרוטוקול הרחבה לפרוטוקול 07/06/2020),2-3,מוצר גובה (9),"מעל 2000 קמ""ר",49,,"₪ לקמ""ר",מחיר חדש,"מחיר בסיס 48 ₪ + ""קרן רווח"" מדורגת 2.5%, מעוגל (טבלת ערן קינן)","אושר: ""הועדה מאשרת את המחירים כאמור""; חתום בכתב יד (דף חתימות עם כמה חתימות ידניות)","שמות המוצרים (1)-(9) אינם מפורטים בפרוטוקול (הוגדרו בדיון 10/12/19 שלא נמסר); הדפים סרוקים הפוך/מסובבים. ההחלטה: אישור לאור הקורונה, בדיקת כלכלן מתוכננת ב-2021; המוצר יותר (בוטל) ב-23.7.2020"
פרוטוקול ועדת מחירים-מוצרי dtm-dsm - 23 ביולי 2020.pdf,2020-07-23,מוצרי DTM-DSM (תיקון להחלטת 07.06.2020),4-5,מוצר גובה (6),"עד 5 קמ""ר",139,140,"₪ לקמ""ר",עדכון מחיר,תיקון אנומליה: מחיר מוצר 6 = סכום מוצר 2 + מוצר 4 (מוצר משולב לא יעלה על סכום רכיביו),"אושר בסבב מיילים (גאולה פיקסלר טיאר יו""ר, שרית ארד חשבת, גילי קירשנר, דוד גלידאי, איריס ציחה - ""אישר/ה במייל"")",שכבות השטח אינן מסומנות בטבלה בפרוטוקול; הוסקו לפי סדר השורות בטבלת 7.6.2020 (עמודות מוצר 2 ו-4 זהות לה)
פרוטוקול ועדת מחירים-מוצרי dtm-dsm - 23 ביולי 2020.pdf,2020-07-23,מוצרי DTM-DSM (תיקון להחלטת 07.06.2020),4-5,מוצר גובה (6),"5-50 קמ""ר",130,130,"₪ לקמ""ר",עדכון מחיר,תיקון אנומליה: מחיר מוצר 6 = סכום מוצר 2 + מוצר 4 (מוצר משולב לא יעלה על סכום רכיביו),"אושר בסבב מיילים (גאולה פיקסלר טיאר יו""ר, שרית ארד חשבת, גילי קירשנר, דוד גלידאי, איריס ציחה - ""אישר/ה במייל"")",שכבות השטח אינן מסומנות בטבלה בפרוטוקול; הוסקו לפי סדר השורות בטבלת 7.6.2020 (עמודות מוצר 2 ו-4 זהות לה); ללא שינוי בשכבה זו
פרוטוקול ועדת מחירים-מוצרי dtm-dsm - 23 ביולי 2020.pdf,2020-07-23,מוצרי DTM-DSM (תיקון להחלטת 07.06.2020),4-5,מוצר גובה (6),"50-500 קמ""ר",120,121,"₪ לקמ""ר",עדכון מחיר,תיקון אנומליה: מחיר מוצר 6 = סכום מוצר 2 + מוצר 4 (מוצר משולב לא יעלה על סכום רכיביו),"אושר בסבב מיילים (גאולה פיקסלר טיאר יו""ר, שרית ארד חשבת, גילי קירשנר, דוד גלידאי, איריס ציחה - ""אישר/ה במייל"")",שכבות השטח אינן מסומנות בטבלה בפרוטוקול; הוסקו לפי סדר השורות בטבלת 7.6.2020 (עמודות מוצר 2 ו-4 זהות לה)
פרוטוקול ועדת מחירים-מוצרי dtm-dsm - 23 ביולי 2020.pdf,2020-07-23,מוצרי DTM-DSM (תיקון להחלטת 07.06.2020),4-5,מוצר גובה (6),"500-2000 קמ""ר",108,109,"₪ לקמ""ר",עדכון מחיר,תיקון אנומליה: מחיר מוצר 6 = סכום מוצר 2 + מוצר 4 (מוצר משולב לא יעלה על סכום רכיביו),"אושר בסבב מיילים (גאולה פיקסלר טיאר יו""ר, שרית ארד חשבת, גילי קירשנר, דוד גלידאי, איריס ציחה - ""אישר/ה במייל"")",שכבות השטח אינן מסומנות בטבלה בפרוטוקול; הוסקו לפי סדר השורות בטבלת 7.6.2020 (עמודות מוצר 2 ו-4 זהות לה)
פרוטוקול ועדת מחירים-מוצרי dtm-dsm - 23 ביולי 2020.pdf,2020-07-23,מוצרי DTM-DSM (תיקון להחלטת 07.06.2020),4-5,מוצר גובה (6),"מעל 2000 קמ""ר",100,100,"₪ לקמ""ר",עדכון מחיר,תיקון אנומליה: מחיר מוצר 6 = סכום מוצר 2 + מוצר 4 (מוצר משולב לא יעלה על סכום רכיביו),"אושר בסבב מיילים (גאולה פיקסלר טיאר יו""ר, שרית ארד חשבת, גילי קירשנר, דוד גלידאי, איריס ציחה - ""אישר/ה במייל"")",שכבות השטח אינן מסומנות בטבלה בפרוטוקול; הוסקו לפי סדר השורות בטבלת 7.6.2020 (עמודות מוצר 2 ו-4 זהות לה); ללא שינוי בשכבה זו
פרוטוקול ועדת מחירים-מוצרי dtm-dsm - 23 ביולי 2020.pdf,2020-07-23,מוצרי DTM-DSM (תיקון להחלטת 07.06.2020),"2,4",מוצר גובה (7),כל השכבות,,,,מדיניות,"הסבר מקצועי (ערן קינן): מודל גבהים של התכסית ב-10 מ' לפיקסל הוא אינטרפולציה רועשת ממקור 50 ס""מ","אושר בסבב מיילים (גאולה פיקסלר טיאר יו""ר, שרית ארד חשבת, גילי קירשנר, דוד גלידאי, איריס ציחה - ""אישר/ה במייל"")","הוחלט ""לייתר"" (לבטל) את המוצר"
פרוטוקול ועדת מחירים-מוצרי dtm-dsm - 23 ביולי 2020.pdf,2020-07-23,מוצרי DTM-DSM (תיקון להחלטת 07.06.2020),"2,4",מוצר גובה (9),כל השכבות,,,,מדיניות,"הסבר מקצועי (ערן קינן): מודל גבהים של התכסית ב-10 מ' לפיקסל הוא אינטרפולציה רועשת ממקור 50 ס""מ","אושר בסבב מיילים (גאולה פיקסלר טיאר יו""ר, שרית ארד חשבת, גילי קירשנר, דוד גלידאי, איריס ציחה - ""אישר/ה במייל"")","הוחלט ""לייתר"" (לבטל) את המוצר"
מוצרי מיפוי ימי.pdf,2020-08-16,מחירי מוצרי מיפוי ימי (מוצרים חדשים ותיקון מחירים),"6, 8",משטח עומקים בתימטרי,רזולוציה 5 מטר לפיקסל,930,,"₪ לקמ""ר","מחיר חדש (מחיר ""מומלץ""; לא אושר במפורש בסעיף ההחלטות)","ימי עבודה + תקורת ניהול + קרן רווח; תשומות סקר בתימטרי אחרון (מכרז, יועץ חיצוני)","חתום בכתב יד (ערן זלצברג נציג חשבות, גילי קירשנר, דוד גלידאי, איריס ציחה, ורד בלום); היו""ר גאולה טיאר פיקסלר והחשבת שרית ארד ברשימת הנעדרים","הטבלה מוצגת כ""המחירים המוצעים""/""מחיר מומלץ""; סעיף ההחלטות מאשר רק מחיר מינימום 400 ₪, מכירת NIS ברמה ארצית ומודל רישוי"
מוצרי מיפוי ימי.pdf,2020-08-16,מחירי מוצרי מיפוי ימי (מוצרים חדשים ותיקון מחירים),"6, 8",משטח עומקים בתימטרי,רזולוציה 25 מטר לפיקסל,93,,"₪ לקמ""ר","מחיר חדש (מחיר ""מומלץ""; לא אושר במפורש בסעיף ההחלטות)",ימי עבודה + תקורת ניהול + קרן רווח,"חתום בכתב יד (ערן זלצברג נציג חשבות, גילי קירשנר, דוד גלידאי, איריס ציחה, ורד בלום); היו""ר גאולה טיאר פיקסלר והחשבת שרית ארד ברשימת הנעדרים","הטבלה מוצגת כ""המחירים המוצעים""/""מחיר מומלץ""; סעיף ההחלטות מאשר רק מחיר מינימום 400 ₪, מכירת NIS ברמה ארצית ומודל רישוי; בנספח עמ' 8 שם המוצר קטוע (""מטר לפיקסל"")"
מוצרי מיפוי ימי.pdf,2020-08-16,מחירי מוצרי מיפוי ימי (מוצרים חדשים ותיקון מחירים),"6, 8","קווי עומק (2,5,10,20,30,40,50,100,200, קפיצות של 100)",שכבת מידע - כיסוי ארצי,19500,,₪ (ארצי),"מחיר חדש (מחיר ""מומלץ""; לא אושר במפורש בסעיף ההחלטות)",10 ימי עבודה + תקורת ניהול + קרן רווח,"חתום בכתב יד (ערן זלצברג נציג חשבות, גילי קירשנר, דוד גלידאי, איריס ציחה, ורד בלום); היו""ר גאולה טיאר פיקסלר והחשבת שרית ארד ברשימת הנעדרים","הטבלה מוצגת כ""המחירים המוצעים""/""מחיר מומלץ""; סעיף ההחלטות מאשר רק מחיר מינימום 400 ₪, מכירת NIS ברמה ארצית ומודל רישוי"
מוצרי מיפוי ימי.pdf,2020-08-16,מחירי מוצרי מיפוי ימי (מוצרים חדשים ותיקון מחירים),"6, 8",נתיבי הפלגה,שכבת מידע - כיסוי ארצי,1150,,₪ (ארצי),"מחיר חדש (מחיר ""מומלץ""; לא אושר במפורש בסעיף ההחלטות)",חצי יום עבודה + תקורת ניהול + קרן רווח,"חתום בכתב יד (ערן זלצברג נציג חשבות, גילי קירשנר, דוד גלידאי, איריס ציחה, ורד בלום); היו""ר גאולה טיאר פיקסלר והחשבת שרית ארד ברשימת הנעדרים","הטבלה מוצגת כ""המחירים המוצעים""/""מחיר מומלץ""; סעיף ההחלטות מאשר רק מחיר מינימום 400 ₪, מכירת NIS ברמה ארצית ומודל רישוי"
מוצרי מיפוי ימי.pdf,2020-08-16,מחירי מוצרי מיפוי ימי (מוצרים חדשים ותיקון מחירים),"6, 8","עזרי ניווט (מצופים, אורות ותמרורים)",שכבת מידע - כיסוי ארצי,15950,,₪ (ארצי),"מחיר חדש (מחיר ""מומלץ""; לא אושר במפורש בסעיף ההחלטות)",6 ימי עבודה + תקורת ניהול + קרן רווח,"חתום בכתב יד (ערן זלצברג נציג חשבות, גילי קירשנר, דוד גלידאי, איריס ציחה, ורד בלום); היו""ר גאולה טיאר פיקסלר והחשבת שרית ארד ברשימת הנעדרים","הטבלה מוצגת כ""המחירים המוצעים""/""מחיר מומלץ""; סעיף ההחלטות מאשר רק מחיר מינימום 400 ₪, מכירת NIS ברמה ארצית ומודל רישוי; בנספח עמ' 8 גם מחיר ליחידה: 13 ₪ לישות"
מוצרי מיפוי ימי.pdf,2020-08-16,מחירי מוצרי מיפוי ימי (מוצרים חדשים ותיקון מחירים),8,"עזרי ניווט (מצופים, אורות ותמרורים)",שכבת מידע - לפי יחידה,13,,₪ לישות,"מחיר חדש (מחיר ""מומלץ""; לא אושר במפורש בסעיף ההחלטות)",6 ימי עבודה + תקורת ניהול + קרן רווח,"חתום בכתב יד (ערן זלצברג נציג חשבות, גילי קירשנר, דוד גלידאי, איריס ציחה, ורד בלום); היו""ר גאולה טיאר פיקסלר והחשבת שרית ארד ברשימת הנעדרים","מופיע רק בנספח (עמ' 8), לא בטבלת עמ' 6; ערן: לגבי ישויות יתקיים דיון נפרד"
מוצרי מיפוי ימי.pdf,2020-08-16,מחירי מוצרי מיפוי ימי (מוצרים חדשים ותיקון מחירים),"6, 8",מכשולי ניווט ואניות טבועות,שכבת מידע - כיסוי ארצי,39500,,₪ (ארצי),"מחיר חדש (מחיר ""מומלץ""; לא אושר במפורש בסעיף ההחלטות)",ימי עבודה + תקורת ניהול + קרן רווח (מספר הימים לא צוין),"חתום בכתב יד (ערן זלצברג נציג חשבות, גילי קירשנר, דוד גלידאי, איריס ציחה, ורד בלום); היו""ר גאולה טיאר פיקסלר והחשבת שרית ארד ברשימת הנעדרים","הטבלה מוצגת כ""המחירים המוצעים""/""מחיר מומלץ""; סעיף ההחלטות מאשר רק מחיר מינימום 400 ₪, מכירת NIS ברמה ארצית ומודל רישוי; בנספח עמ' 8 גם מחיר ליחידה: 160 ₪ לישות"
מוצרי מיפוי ימי.pdf,2020-08-16,מחירי מוצרי מיפוי ימי (מוצרים חדשים ותיקון מחירים),8,מכשולי ניווט ואניות טבועות,שכבת מידע - לפי יחידה,160,,₪ לישות,"מחיר חדש (מחיר ""מומלץ""; לא אושר במפורש בסעיף ההחלטות)",ימי עבודה + תקורת ניהול + קרן רווח (מספר הימים לא צוין),"חתום בכתב יד (ערן זלצברג נציג חשבות, גילי קירשנר, דוד גלידאי, איריס ציחה, ורד בלום); היו""ר גאולה טיאר פיקסלר והחשבת שרית ארד ברשימת הנעדרים","מופיע רק בנספח (עמ' 8), לא בטבלת עמ' 6; ערן: לגבי ישויות יתקיים דיון נפרד"
מוצרי מיפוי ימי.pdf,2020-08-16,מחירי מוצרי מיפוי ימי (מוצרים חדשים ותיקון מחירים),"6, 8",תחומי נמלים,שכבת מידע - כיסוי ארצי,2900,,₪ (ארצי),"מחיר חדש (מחיר ""מומלץ""; לא אושר במפורש בסעיף ההחלטות)",יום וחצי עבודה + תקורת ניהול + קרן רווח,"חתום בכתב יד (ערן זלצברג נציג חשבות, גילי קירשנר, דוד גלידאי, איריס ציחה, ורד בלום); היו""ר גאולה טיאר פיקסלר והחשבת שרית ארד ברשימת הנעדרים","הטבלה מוצגת כ""המחירים המוצעים""/""מחיר מומלץ""; סעיף ההחלטות מאשר רק מחיר מינימום 400 ₪, מכירת NIS ברמה ארצית ומודל רישוי"
מוצרי מיפוי ימי.pdf,2020-08-16,מחירי מוצרי מיפוי ימי (מוצרים חדשים ותיקון מחירים),"6, 8",איזורי עגינה ומעגלי עגינה,שכבת מידע - כיסוי ארצי,1950,,₪ (ארצי),"מחיר חדש (מחיר ""מומלץ""; לא אושר במפורש בסעיף ההחלטות)",יום עבודה + תקורת ניהול + קרן רווח,"חתום בכתב יד (ערן זלצברג נציג חשבות, גילי קירשנר, דוד גלידאי, איריס ציחה, ורד בלום); היו""ר גאולה טיאר פיקסלר והחשבת שרית ארד ברשימת הנעדרים","הטבלה מוצגת כ""המחירים המוצעים""/""מחיר מומלץ""; סעיף ההחלטות מאשר רק מחיר מינימום 400 ₪, מכירת NIS ברמה ארצית ומודל רישוי"
מוצרי מיפוי ימי.pdf,2020-08-16,מחירי מוצרי מיפוי ימי (מוצרים חדשים ותיקון מחירים),"6, 8",סוג קרקעית,שכבת מידע - כיסוי ארצי,7800,,₪ (ארצי),"מחיר חדש (מחיר ""מומלץ""; לא אושר במפורש בסעיף ההחלטות)",4 ימי עבודה + תקורת ניהול + קרן רווח,"חתום בכתב יד (ערן זלצברג נציג חשבות, גילי קירשנר, דוד גלידאי, איריס ציחה, ורד בלום); היו""ר גאולה טיאר פיקסלר והחשבת שרית ארד ברשימת הנעדרים","הטבלה מוצגת כ""המחירים המוצעים""/""מחיר מומלץ""; סעיף ההחלטות מאשר רק מחיר מינימום 400 ₪, מכירת NIS ברמה ארצית ומודל רישוי; בנספח עמ' 8 גם מחיר ליחידה: 5 ₪ לקמ""ר"
מוצרי מיפוי ימי.pdf,2020-08-16,מחירי מוצרי מיפוי ימי (מוצרים חדשים ותיקון מחירים),8,סוג קרקעית,שכבת מידע - לפי יחידה,5,,"₪ לקמ""ר","מחיר חדש (מחיר ""מומלץ""; לא אושר במפורש בסעיף ההחלטות)",4 ימי עבודה + תקורת ניהול + קרן רווח,"חתום בכתב יד (ערן זלצברג נציג חשבות, גילי קירשנר, דוד גלידאי, איריס ציחה, ורד בלום); היו""ר גאולה טיאר פיקסלר והחשבת שרית ארד ברשימת הנעדרים","מופיע רק בנספח (עמ' 8), לא בטבלת עמ' 6; ערן: לגבי ישויות יתקיים דיון נפרד"
מוצרי מיפוי ימי.pdf,2020-08-16,מחירי מוצרי מיפוי ימי (מוצרים חדשים ותיקון מחירים),"6, 8",תיחומי תשתיות,שכבת מידע - כיסוי ארצי,1950,,₪ (ארצי),"מחיר חדש (מחיר ""מומלץ""; לא אושר במפורש בסעיף ההחלטות)",יום עבודה + תקורת ניהול + קרן רווח,"חתום בכתב יד (ערן זלצברג נציג חשבות, גילי קירשנר, דוד גלידאי, איריס ציחה, ורד בלום); היו""ר גאולה טיאר פיקסלר והחשבת שרית ארד ברשימת הנעדרים","הטבלה מוצגת כ""המחירים המוצעים""/""מחיר מומלץ""; סעיף ההחלטות מאשר רק מחיר מינימום 400 ₪, מכירת NIS ברמה ארצית ומודל רישוי"
מוצרי מיפוי ימי.pdf,2020-08-16,מחירי מוצרי מיפוי ימי (מוצרים חדשים ותיקון מחירים),"6, 8","מפה מעוגנת בקנ""מ 1:90,000, 1:22,000, 1:12,000",רסטר - למפה,400,,₪ למפה,"מחיר חדש (מחיר ""מומלץ""; לא אושר במפורש בסעיף ההחלטות)",ממוצע מחיר בעולם בהנחה של 15%,"חתום בכתב יד (ערן זלצברג נציג חשבות, גילי קירשנר, דוד גלידאי, איריס ציחה, ורד בלום); היו""ר גאולה טיאר פיקסלר והחשבת שרית ארד ברשימת הנעדרים","הטבלה מוצגת כ""המחירים המוצעים""/""מחיר מומלץ""; סעיף ההחלטות מאשר רק מחיר מינימום 400 ₪, מכירת NIS ברמה ארצית ומודל רישוי; מסומן * ""מוצר בשלבי הכנה - הוועדה תעודכן כאשר יהיה מוכן"""
מוצרי מיפוי ימי.pdf,2020-08-16,מחירי מוצרי מיפוי ימי (מוצרים חדשים ותיקון מחירים),"6, 8",מפת נייר (ימית),למפה,130,,₪ למפה,"מחיר חדש (מחיר ""מומלץ""; לא אושר במפורש בסעיף ההחלטות) - מוצר קיים (""חדש? לא"")",ממוצע מחיר בעולם בהנחה של 15%,"חתום בכתב יד (ערן זלצברג נציג חשבות, גילי קירשנר, דוד גלידאי, איריס ציחה, ורד בלום); היו""ר גאולה טיאר פיקסלר והחשבת שרית ארד ברשימת הנעדרים","הטבלה מוצגת כ""המחירים המוצעים""/""מחיר מומלץ""; סעיף ההחלטות מאשר רק מחיר מינימום 400 ₪, מכירת NIS ברמה ארצית ומודל רישוי; מוצר קיים, המחיר הקודם לא צוין; מסומן *"
מוצרי מיפוי ימי.pdf,2020-08-16,מחירי מוצרי מיפוי ימי (מוצרים חדשים ותיקון מחירים),"7, 8",חבילה 1 - חבילה כוללת של שכבות מידע ממאגר NIS,חבילה,68000,,₪ לחבילה,"מחיר חדש (מחיר ""מומלץ""; לא אושר במפורש בסעיף ההחלטות)",סך כל השכבות בהנחה 25%,"חתום בכתב יד (ערן זלצברג נציג חשבות, גילי קירשנר, דוד גלידאי, איריס ציחה, ורד בלום); היו""ר גאולה טיאר פיקסלר והחשבת שרית ארד ברשימת הנעדרים","הטבלה מוצגת כ""המחירים המוצעים""/""מחיר מומלץ""; סעיף ההחלטות מאשר רק מחיר מינימום 400 ₪, מכירת NIS ברמה ארצית ומודל רישוי; החלטה 2: מכירת NIS ברמה ארצית בלבד"
מוצרי מיפוי ימי.pdf,2020-08-16,מחירי מוצרי מיפוי ימי (מוצרים חדשים ותיקון מחירים),"7, 8","חבילה 2 - סט דיגיטלי של 13 מפות קנ""מ מפורט (4,000-12,000)",חבילה,3900,,₪ לחבילה,"מחיר חדש (מחיר ""מומלץ""; לא אושר במפורש בסעיף ההחלטות)",סך כל המפות בהנחה 25%,"חתום בכתב יד (ערן זלצברג נציג חשבות, גילי קירשנר, דוד גלידאי, איריס ציחה, ורד בלום); היו""ר גאולה טיאר פיקסלר והחשבת שרית ארד ברשימת הנעדרים","הטבלה מוצגת כ""המחירים המוצעים""/""מחיר מומלץ""; סעיף ההחלטות מאשר רק מחיר מינימום 400 ₪, מכירת NIS ברמה ארצית ומודל רישוי; מסומן * מוצר בשלבי הכנה"
מוצרי מיפוי ימי.pdf,2020-08-16,מחירי מוצרי מיפוי ימי (מוצרים חדשים ותיקון מחירים),"7, 8","חבילה 3 - סט דיגיטלי של 22 מפות קנ""מ 22,000",חבילה,6600,,₪ לחבילה,"מחיר חדש (מחיר ""מומלץ""; לא אושר במפורש בסעיף ההחלטות)",סך כל המפות בהנחה 25%,"חתום בכתב יד (ערן זלצברג נציג חשבות, גילי קירשנר, דוד גלידאי, איריס ציחה, ורד בלום); היו""ר גאולה טיאר פיקסלר והחשבת שרית ארד ברשימת הנעדרים","הטבלה מוצגת כ""המחירים המוצעים""/""מחיר מומלץ""; סעיף ההחלטות מאשר רק מחיר מינימום 400 ₪, מכירת NIS ברמה ארצית ומודל רישוי; מסומן * מוצר בשלבי הכנה"
מוצרי מיפוי ימי.pdf,2020-08-16,מחירי מוצרי מיפוי ימי (מוצרים חדשים ותיקון מחירים),"7, 8","חבילה 4 - סט דיגיטלי של 3 מפות קנ""מ 90,000",חבילה,900,,₪ לחבילה,"מחיר חדש (מחיר ""מומלץ""; לא אושר במפורש בסעיף ההחלטות)",סך כל המפות בהנחה 25%,"חתום בכתב יד (ערן זלצברג נציג חשבות, גילי קירשנר, דוד גלידאי, איריס ציחה, ורד בלום); היו""ר גאולה טיאר פיקסלר והחשבת שרית ארד ברשימת הנעדרים","הטבלה מוצגת כ""המחירים המוצעים""/""מחיר מומלץ""; סעיף ההחלטות מאשר רק מחיר מינימום 400 ₪, מכירת NIS ברמה ארצית ומודל רישוי; מסומן * מוצר בשלבי הכנה"
מוצרי מיפוי ימי.pdf,2020-08-16,מחירי מוצרי מיפוי ימי (מוצרים חדשים ותיקון מחירים),"7, 8",חבילה 5 - סט דיגיטלי של 38 מפות כל קני המידה בשטח מים ריבוניים,חבילה,11400,,₪ לחבילה,"מחיר חדש (מחיר ""מומלץ""; לא אושר במפורש בסעיף ההחלטות)",סך כל המפות בהנחה 25%,"חתום בכתב יד (ערן זלצברג נציג חשבות, גילי קירשנר, דוד גלידאי, איריס ציחה, ורד בלום); היו""ר גאולה טיאר פיקסלר והחשבת שרית ארד ברשימת הנעדרים","הטבלה מוצגת כ""המחירים המוצעים""/""מחיר מומלץ""; סעיף ההחלטות מאשר רק מחיר מינימום 400 ₪, מכירת NIS ברמה ארצית ומודל רישוי; מסומן * מוצר בשלבי הכנה"
מוצרי מיפוי ימי.pdf,2020-08-16,מחירי מוצרי מיפוי ימי (מוצרים חדשים ותיקון מחירים),7,מוצרי מיפוי ימי - גזירת נתונים,מחיר מינימום לכל מכירה שתדרוש גזירת נתונים,400,,₪ למכירה,מדיניות,,"חתום בכתב יד (ערן זלצברג נציג חשבות, גילי קירשנר, דוד גלידאי, איריס ציחה, ורד בלום); היו""ר גאולה טיאר פיקסלר והחשבת שרית ארד ברשימת הנעדרים",החלטה 1
מוצרי מיפוי ימי.pdf,2020-08-16,מחירי מוצרי מיפוי ימי (מוצרים חדשים ותיקון מחירים),"5, 7",מוצרי מיפוי ימי - רישיון נוסף,כל רישיון נוסף לאותו מוצר,,,10% ממחיר הבסיס,מדיניות,מודל רישוי שהציעה איריס ציחה,"חתום בכתב יד (ערן זלצברג נציג חשבות, גילי קירשנר, דוד גלידאי, איריס ציחה, ורד בלום); היו""ר גאולה טיאר פיקסלר והחשבת שרית ארד ברשימת הנעדרים",החלטה 3; דוגמה בדיון: מפה 400 ₪ + רישיון נוסף 40 ₪
מוצרי מיפוי ימי.pdf,2020-08-16,מחירי מוצרי מיפוי ימי (מוצרים חדשים ותיקון מחירים),"5, 7",מוצרי מיפוי ימי - רישיון ארגוני,מפות ימיות דיגיטליות / בסיס נתונים ימי לאומי (שכבות וקטוריות),,,פי 3 / פי 2 ממחיר הבסיס,מדיניות,"בדומה לחישוב רישיון ארגוני במוצרי בנט""ל","חתום בכתב יד (ערן זלצברג נציג חשבות, גילי קירשנר, דוד גלידאי, איריס ציחה, ורד בלום); היו""ר גאולה טיאר פיקסלר והחשבת שרית ארד ברשימת הנעדרים",החלטה 3
בתימטרי גזירת נתונים תמחור.jpg,2021-04-21,מיפוי ימי - גזירת נתונים,1,משטח עומקים בתימטרי,רזולוציה 5 מטר לפיקסל,,930,"₪ לקמ""ר",דיון ללא החלטה בחומר שנמסר,ימי עבודה + תקורת ניהול + קרן רווח (כבטבלת 2020),"לא ניתן לקבוע: נמסר עמוד ראשון בלבד, ללא סעיף החלטות וללא חתימות",בקשת לימור גור אריה לאפשר גזירת נתונים על בסיס התמחור שנקבע; ניר מבקש מחיר גבוה מ-93 ₪; לימור: הנתונים אינם עדכניים. מפנה לישיבה 14.2.21 (לא נמסרה). ההחלטה אינה בחומר
בתימטרי גזירת נתונים תמחור.jpg,2021-04-21,מיפוי ימי - גזירת נתונים,1,משטח עומקים בתימטרי,רזולוציה 25 מטר לפיקסל,,93,"₪ לקמ""ר",דיון ללא החלטה בחומר שנמסר,ימי עבודה + תקורת ניהול + קרן רווח (כבטבלת 2020),"לא ניתן לקבוע: נמסר עמוד ראשון בלבד, ללא סעיף החלטות וללא חתימות",בקשת לימור גור אריה לאפשר גזירת נתונים על בסיס התמחור שנקבע; ניר מבקש מחיר גבוה מ-93 ₪; לימור: הנתונים אינם עדכניים. מפנה לישיבה 14.2.21 (לא נמסרה). ההחלטה אינה בחומר
דמי מלוג שנתיים ושירותים חינם לחברות פילוט רחפנים.pdf,2021-12-20,"הנגשת מידע ושירותים בחינם לחברות פיילוט הרחפנים (פרויקט נעמ""ה)",1-2,"מידע ושירותים (תצ""א, שכבות מידע, גובה מבנים, RTK) לחברות השותפות בפיילוט הרחפנים",,,,,פטור,"לא הוצג תחשיב; נימוק: קידום מכירות מוצרי מפ""י","אושר במייל (ניר ברלוביץ, גילי קירשנר, דוד גלידאי, איריס ציחה); היו""ר גאולה טיאר פיקסלר ברשימת הנעדרים",הסכמה עקרונית בלבד; גילי תכין הסכם; דיון נוסף לאחר השלמת פרטים
דמי מלוג שנתיים ושירותים חינם לחברות פילוט רחפנים.pdf,2021-12-20,דמי מלוג שנתיים להצגת אורתופוטו באתר לקוח (איתוראן),2,"דמי מלוג שנתיים להצגת אורתופוטו של מפ""י באתר הלקוח (צפייה בלבד)",לקוח: איתוראן,,,₪ לשנה,הצעה - לא הוכרעה,"הצעת איריס: תשלום חד-פעמי לפי מחירון לשימוש פנימי + 10,000 ₪ דמי מלוג שנתיים; השוואה: עמוד ענן משלם 2,500 ₪; ניר: לשמור על יחס 20,000/10,000","אושר במייל (ניר ברלוביץ, גילי קירשנר, דוד גלידאי, איריס ציחה); היו""ר גאולה טיאר פיקסלר ברשימת הנעדרים",לא נקבע מחיר; הוחלט על פגישה מקצועית עם איתוראן
תמחור מאגר נקודות כתובות בסיס בתוספת שדה.pdf,2022-01-03,מאגר נקודות כתובת בסיס בתוספת שדה BLDG-ID,1,"מאגר נקודות כתובת בסיסי בתוספת שדה BLDG_ID (מזמ""ר מבנה)",כיסוי ארצי,23000,20000,₪,מחיר חדש,"מחיר בסיס 20,000 ₪ (מחירון) + כ-2 ימי עבודה (זמן בשיר) + זמן הכנת הדוגמאות","אושר במייל (כל 5 החברים: גאולה טיאר פיקסלר, ניר ברלוביץ, גילי קירשנר, דוד גלידאי, איריס ציחה)","20,000 = מחיר המוצר הבסיסי ללא השדה לפי מחירון מפ""י; התמחור נעשה עבור לקוח ספציפי"
תמחור מוצר שכונות ושכבת גולות לעיון והתייחסות.pdf,2022-03-13,תמחור מוצר שכונות,2-3,"מוצר שכונות (שכבת נקודות + פוליגונים, בנט""ל)",מחוז,5000,,₪,מחיר חדש,"הצעת ניר ברלוביץ (ללא תחשיב); ברקע: עלות איסוף עד 2021 כ-170 אלף ₪, עדכון שוטף כ-30 אלף ₪ לשנה","אושר במייל (ניר ברלוביץ, גילי קירשנר, דוד גלידאי, איריס ציחה); היו""ר גאולה פיקסלר ברשימת הנעדרים; שם הקובץ: ""לעיון והתייחסות""",עד כה המוצר לא נמכר ונמסר בחינם לגופי ממשלה; חלופת הפצה חינם ב-data.gov.il (שאיריס תמכה בה) לא אומצה
תמחור מוצר שכונות ושכבת גולות לעיון והתייחסות.pdf,2022-03-13,תמחור מוצר שכונות,2-3,"מוצר שכונות (שכבת נקודות + פוליגונים, בנט""ל)",כיסוי ארצי,15000,,₪,מחיר חדש,"חישוב החשב וצוותו (ערן, אלעד) מאמצע 2021: 15,000 ₪ + 5,000 ₪ לכל עדכון שנתי","אושר במייל (ניר ברלוביץ, גילי קירשנר, דוד גלידאי, איריס ציחה); היו""ר גאולה פיקסלר ברשימת הנעדרים; שם הקובץ: ""לעיון והתייחסות""","דמי עדכון שנתי (5,000 ₪ / 33%) הוצעו אך לא נכללו בנוסח ההחלטה"
תמחור מוצר שכונות ושכבת גולות לעיון והתייחסות.pdf,2022-03-13,תמחור מוצר שכונות,2-3,מוצר שכונות,מוצר מקומי (יישוב/ים),,,"4 ₪ לשכונה + 8 ₪ לקמ""ר, מינימום 400 ₪",הצעה - לא אומצה,"נוסחה לפי מספר ושטח השכונות (דוגמאות: ירושלים 1,300; חיפה 815; ת""א 660; ב""ש 520)","אושר במייל (ניר ברלוביץ, גילי קירשנר, דוד גלידאי, איריס ציחה); היו""ר גאולה פיקסלר ברשימת הנעדרים; שם הקובץ: ""לעיון והתייחסות""","ההחלטה אימצה במקומה את הצעת ניר (5,000 מחוז / 15,000 ארצי)"
תמחור מוצר שכונות ושכבת גולות לעיון והתייחסות.pdf,2022-03-13,"פניית לקוח ארה""ב - שכבת גבולות Israel Vector Data",3,"שכבת גבולות המדינה (בלתי מסווגת, דיוק עד 30 מ')","לקוח מחו""ל (קטלוג מוצרי מיפוי)",5000,,₪,מחיר חדש,הצעת דוד גלידאי; אוהד שמואלי המליץ תמחור לפי שעת עבודה (96.24 ₪ לשעה),"אושר במייל (ניר ברלוביץ, גילי קירשנר, דוד גלידאי, איריס ציחה); היו""ר גאולה פיקסלר ברשימת הנעדרים; שם הקובץ: ""לעיון והתייחסות""","בכפוף לבדיקת חשש לפגיעה בביטחון המדינה מול מוטי ארבל; רישיון שימוש באנגלית. ""שכבת גולות"" בשם הקובץ = ככל הנראה ""שכבת גבולות"""
פרוטוקול תיקון מחירי קרטוגרפיה.pdf,2022-06-02,"תיקון מחירים למוצרי אגף קרטוגרפיה (מעבר למערכת מרב""ד)",1-2,"מפות אגף קרטוגרפיה המופקות במפ""י (מפות עיר, מפות טופוגרפיות בקני מידה שונים)","דיגיטלי ונייר (מהתוויין), לא מפות בית הדפוס",,,,עדכון מחיר,"חיסכון בזמן הפקה במערכת מרב""ד + מחירי שוק (לפי מצגת ותחשיב מצורפים)","אושר במייל (ניר ברלוביץ, גילי קירשנר, דוד גלידאי בלבד); היו""ר גאולה פיקסלר ואיריס ציחה ברשימת הנעדרים","אושרו ""המחירים המוצעים"" לתקופת ניסיון של שנה - אך הטבלה עצמה (קבצי pptx/xlsx מצורפים) לא נמסרה, ולכן המחירים אינם ידועים מהחומר"
פרוטוקול תיקון מחירי קרטוגרפיה.pdf,2022-06-02,"תיקון מחירים למוצרי אגף קרטוגרפיה (מעבר למערכת מרב""ד)",2,מוצרים דיגיטליים חדשים בכיסוי ארצי מלא,מודל רכישה חד-פעמית + עדכון שנתי ל-4 שנים,,,10% (עלות עדכון),מדיניות,,"אושר במייל (ניר ברלוביץ, גילי קירשנר, דוד גלידאי בלבד); היו""ר גאולה פיקסלר ואיריס ציחה ברשימת הנעדרים","נוסח ההחלטה: לקוח שלא ישלם כל שנה לא יוכל לקבל עדכונים ""בעלות של 10%"" (נוסח עמום)"
פרוטוקול תיקון מחירי קרטוגרפיה.pdf,2022-06-02,"תיקון מחירים למוצרי אגף קרטוגרפיה (מעבר למערכת מרב""ד)",2,הנחות כמות ומפיצים למפות קרטוגרפיה,,,,,מדיניות,,"אושר במייל (ניר ברלוביץ, גילי קירשנר, דוד גלידאי בלבד); היו""ר גאולה פיקסלר ואיריס ציחה ברשימת הנעדרים","לא הוכרע; יוקם צוות לדיון נפרד בהנחות מפיצים (הצעת דוד: הנחת כמות רק לאטלסים ו-1:250,000/1:450,000)"
פרוטוקול פטור מתשלום מפות גבול מצרים לעיון והתייחסות.pdf,2022-07-18,"בקשה לפטור מתשלום עבור מפות גבול ישראל-מצרים (טופס פנייה, לא פרוטוקול)",1,"גיליונות מפות קנ""מ 1:50,000 שהודפסו לפני יוני 1967 (מהארכיון)",12 גיליונות; מבקש: גרשון שטיינברג,,1080,₪ (90 ₪ למפה),פטור (בקשה),מחיר מפה מהארכיון 90 ₪,"טופס בקשה של אהד שמואלי (מנהל אגף גבולות בינלאומיים), ללא חתימה נראית; אין אישור ועדה במסמך","ההחלטה בפרוטוקול ""קביעת מחיר אורטופוטו היסטורי והמשך שכבת גבול מצרים"""
פרוטוקול קביעת מחיר אורטופוטו היסטורי והמשך שכבת גבול מצרים.pdf,לא מצוין (ככל הנראה 28.7.2022 - לפי הפניה בפרוטוקול 14.11.22),פטור מתשלום עבור מפות גבול ישראל מצרים,1,"גיליונות מפות קנ""מ 1:50,000 לפני 1967 (גבול מצרים)",12 גיליונות; גרשון שטיינברג,,1080,₪ (90 ₪ למפה),פטור,ערך היסטורי/תיעודי,"אושר במייל (ניר ברלוביץ, גילי קירשנר, דוד גלידאי, איריס ציחה); היו""ר גאולה פיקסלר ברשימת הנעדרים; אין תאריך בכותרת","""חברי הוועדה ממליצים"" על פטור בתנאי שהתיעוד יועבר למפ""י; גילי תפיק מכתב התחייבות"
פרוטוקול קביעת מחיר אורטופוטו היסטורי והמשך שכבת גבול מצרים.pdf,לא מצוין (ככל הנראה 28.7.2022 - לפי הפניה בפרוטוקול 14.11.22),קביעת מחיר לאורתופוטו היסטורי - 1965 וכן 1982,2-3,אורתופוטו היסטורי 1965 (ו-1982),"לעיריות (רחובות, פתח תקווה)",,360,"₪ לקמ""ר (מחיר אורתופוטו ארצי רגיל)",הצעה - לא הוכרעה,"הוצע מחיר פי 3-4 מאורתופוטו רגיל בשל בלעדיות ופגיעה צפויה בהכנסות ארכיון תצ""א (25%-33%)","אושר במייל (ניר ברלוביץ, גילי קירשנר, דוד גלידאי, איריס ציחה); היו""ר גאולה פיקסלר ברשימת הנעדרים; אין תאריך בכותרת",הנושא נדחה לישיבה הבאה; ב-14.11.22 הוחלט שלא למכור
פרוטוקול קביעת מחיר אורטופוטו היסטורי והמשך שכבת גבול מצרים.pdf,לא מצוין (ככל הנראה 28.7.2022 - לפי הפניה בפרוטוקול 14.11.22),עמוד שקט ומשטח מגנטי,3,עמוד שקט (שירות מדידה לחיל האוויר/תעשיות ביטחוניות),"חבילה עד 2 לילות, לאתר אחד",20000,"חיוב לפי שעות (140 ₪ לשעת עובד); מק""ט 8005652 ""עמוד שקט אזימוט לפי כ.צפון"" 11,000 ₪",₪ לחבילה,עדכון מחיר,"במקום תמחור לפי שעות שלא כלל רווח/בלאי/תחזוקת מכשירים; גילי הציעה 15,000, ניר 20,000 לעד 2 ביקורים","אושר במייל (ניר ברלוביץ, גילי קירשנר, דוד גלידאי, איריס ציחה); היו""ר גאולה פיקסלר ברשימת הנעדרים; אין תאריך בכותרת",בנוסף ייקבע סכום קבוע לכל יציאה נוספת לשטח (לא נקבע)
פרוטוקול קביעת מחיר אורטופוטו היסטורי והמשך שכבת גבול מצרים.pdf,לא מצוין (ככל הנראה 28.7.2022 - לפי הפניה בפרוטוקול 14.11.22),עמוד שקט ומשטח מגנטי,3,פרויקט משטח מגנטי,,10000,,₪ לפרויקט,מחיר חדש,לא הוסבר בנפרד,"אושר במייל (ניר ברלוביץ, גילי קירשנר, דוד גלידאי, איריס ציחה); היו""ר גאולה פיקסלר ברשימת הנעדרים; אין תאריך בכותרת",
פרוטוקול קביעת מחיר אורטופוטו היסטורי והמשך שכבת גבול מצרים.pdf,לא מצוין (ככל הנראה 28.7.2022 - לפי הפניה בפרוטוקול 14.11.22),תעודת עובד ציבור - מועדי זריחת השמש ושקיעתה,4,תעודת עובד ציבור לזריחת השמש ושקיעתה,לבית משפט,300,100,₪ לתעודה,עדכון מחיר,"העלות מתייחסת לכלל ההוצאות (התכתבויות, שיחות, בדיקה באתרים, פעולות מול הגביה)","אושר במייל (ניר ברלוביץ, גילי קירשנר, דוד גלידאי, איריס ציחה); היו""ר גאולה פיקסלר ברשימת הנעדרים; אין תאריך בכותרת",אינו כולל זימון לעדות (הוצאות משפט בנפרד)
פרוטוקול עדכון תעריפי מודדים מבקרים ועמוד שקט חיהא לעיון והתייחסות.pdf,2022-08-29,הצמדת תעריפי מודדים מבקרים למדד המחירים לצרכן,1-2,"מודד מבקר רישום ראשוני (מק""ט 8003444)","ביקורת תצ""ר",950,800,₪,עדכון מחיר,"הצמדה למדד המחירים לצרכן (לא עודכן כעשור) = 935.2 ₪, עיגול כלפי מעלה ל-50/100 ₪","אושר במייל (גאולה פיקסלר טיאר יו""ר, ניר ברלוביץ, גילי קירשנר, דוד גלידאי, איריס ציחה); שם הקובץ: ""לעיון והתייחסות""",בתוקף מ-21.9.22; הצמדה שנתית למדד ידוע ינואר (לראשונה 16/2/2023)
פרוטוקול עדכון תעריפי מודדים מבקרים ועמוד שקט חיהא לעיון והתייחסות.pdf,2022-08-29,הצמדת תעריפי מודדים מבקרים למדד המחירים לצרכן,1-2,"מודד מבקר עד 10 חלקות (מק""ט 8003445)","ביקורת תצ""ר",1100,900,₪,עדכון מחיר,"הצמדה למדד המחירים לצרכן (לא עודכן כעשור) = 1052.1 ₪, עיגול כלפי מעלה ל-50/100 ₪","אושר במייל (גאולה פיקסלר טיאר יו""ר, ניר ברלוביץ, גילי קירשנר, דוד גלידאי, איריס ציחה); שם הקובץ: ""לעיון והתייחסות""",בתוקף מ-21.9.22; הצמדה שנתית למדד ידוע ינואר (לראשונה 16/2/2023)
פרוטוקול עדכון תעריפי מודדים מבקרים ועמוד שקט חיהא לעיון והתייחסות.pdf,2022-08-29,הצמדת תעריפי מודדים מבקרים למדד המחירים לצרכן,1-2,"מודד מבקר עד 50 חלקות (מק""ט 8003446)","ביקורת תצ""ר",1600,1345,₪,עדכון מחיר,"הצמדה למדד המחירים לצרכן (לא עודכן כעשור) = 1572.305 ₪, עיגול כלפי מעלה ל-50/100 ₪","אושר במייל (גאולה פיקסלר טיאר יו""ר, ניר ברלוביץ, גילי קירשנר, דוד גלידאי, איריס ציחה); שם הקובץ: ""לעיון והתייחסות""",בתוקף מ-21.9.22; הצמדה שנתית למדד ידוע ינואר (לראשונה 16/2/2023)
פרוטוקול עדכון תעריפי מודדים מבקרים ועמוד שקט חיהא לעיון והתייחסות.pdf,2022-08-29,הצמדת תעריפי מודדים מבקרים למדד המחירים לצרכן,1-2,"מודד מבקר עד 100 חלקות (מק""ט 8003447)","ביקורת תצ""ר",2100,1790,₪,עדכון מחיר,"הצמדה למדד המחירים לצרכן (לא עודכן כעשור) = 2092.51 ₪, עיגול כלפי מעלה ל-50/100 ₪","אושר במייל (גאולה פיקסלר טיאר יו""ר, ניר ברלוביץ, גילי קירשנר, דוד גלידאי, איריס ציחה); שם הקובץ: ""לעיון והתייחסות""",בתוקף מ-21.9.22; הצמדה שנתית למדד ידוע ינואר (לראשונה 16/2/2023)
פרוטוקול עדכון תעריפי מודדים מבקרים ועמוד שקט חיהא לעיון והתייחסות.pdf,2022-08-29,עמוד שקט - משוב מחיל האוויר,2,"עמוד שקט (""אור כוכבים"")",חבילה כוללת (2 ימים כולל עבודת לילה),20000,,₪ לחבילה,מדיניות,"הוועדה למדה אופי והיקף העבודה; ""נמוך מתעריף יועצים של משרד הביטחון""","אושר במייל (גאולה פיקסלר טיאר יו""ר, ניר ברלוביץ, גילי קירשנר, דוד גלידאי, איריס ציחה); שם הקובץ: ""לעיון והתייחסות""","אשרור המחיר שנקבע קודם מול בקשת ח""א לתעריף לפי עובד"
פרוטוקול רכישת מפות בכנסים ושינוי מדיניות מידע לסטודנטים.pdf,2022-11-14,"הנחה עבור רכישת מפות מפ""י בכנסים",1-2,"מפות נייר - סט סימון שבילים, 1:25,000, 1:50,000, 1:250,000, 1:450,000, 1:700,000, מפות עיר",משתתפי כנסים (הזמנה מראש),,,20% הנחה,הנחה,כלי שיווק; ללא תחשיב,"אושר במייל (חגי רונן יו""ר, ניר ברלוביץ, גילי קירשנר, גאולה פיקסלר טיאר); איריס ציחה לא בין החותמים",לניסיון של שנה; המחירים אחרי הנחה בקובץ מצורף שלא נמסר
פרוטוקול רכישת מפות בכנסים ושינוי מדיניות מידע לסטודנטים.pdf,2022-11-14,שינוי מדיניות מידע לצרכי לימודים ומחקר - הנחה לסטודנטים,2-3,"מידע לסטודנטים (תצ""א, מפות, בנט""ל, אורתופוטו)",סטים של נתונים באזורים שייקבעו עם האוניברסיטאות,0,"5,000 ₪ שווי חומרים ללא תמורה לכל סטודנט (מדיניות קודמת)",,מדיניות,נימוק: עומס על העובדים והזמנות יתר,"אושר במייל (חגי רונן יו""ר, ניר ברלוביץ, גילי קירשנר, גאולה פיקסלר טיאר); איריס ציחה לא בין החותמים",חינם בתוך הסטים
פרוטוקול רכישת מפות בכנסים ושינוי מדיניות מידע לסטודנטים.pdf,2022-11-14,שינוי מדיניות מידע לצרכי לימודים ומחקר - הנחה לסטודנטים,3,מידע לסטודנטים מחוץ למתחמים,"כל התארים (ראשון, שני, דוקטורט), ללא הגבלת גודל/כמות",,,50% הנחה,הנחה,,"אושר במייל (חגי רונן יו""ר, ניר ברלוביץ, גילי קירשנר, גאולה פיקסלר טיאר); איריס ציחה לא בין החותמים",
פרוטוקול רכישת מפות בכנסים ושינוי מדיניות מידע לסטודנטים.pdf,2022-11-14,"אספקת תצלומי אוויר לאיתור נעדרים (יחידת אית""ן)",3-4,"תצלומי אוויר לאיתור נעדרים (שרון אסיף, יועץ מטעם הצבא)",משרד הביטחון,,0 (ניתנו ללא תמורה; 141 תצלומים מ-19.5.2022),,מדיניות,,"אושר במייל (חגי רונן יו""ר, ניר ברלוביץ, גילי קירשנר, גאולה פיקסלר טיאר); איריס ציחה לא בין החותמים",ביטול מתן חינם: משרד הביטחון ישלם עבור הצילומים
פרוטוקול רכישת מפות בכנסים ושינוי מדיניות מידע לסטודנטים.pdf,2022-11-14,עמוד שקט,4-5,"עמוד שקט (""אור כוכבים"") - משרד הביטחון/ח""א",לעבודה בכללותה,35676,"20000 (אוג' 2022); קודם לכן כ-10,000 לפי שעות (141 ₪ לשעה)",₪,עדכון מחיר,"חישוב מפורט באקסל שהועבר למשהב""ט (לא נמסר); ""נמוך מתעריף יועצים של משהב""ט""","אושר במייל (חגי רונן יו""ר, ניר ברלוביץ, גילי קירשנר, גאולה פיקסלר טיאר); איריס ציחה לא בין החותמים",לא לפי שעה
פרוטוקול רכישת מפות בכנסים ושינוי מדיניות מידע לסטודנטים.pdf,2022-11-14,שירות התמרת קואורדינטות,5,שירות התמרת קואורדינטות + חישוב אזימוט ומרחק,לקוח: אלביט,25000,,₪,מחיר חדש,"עומר הציג מתווה 1,400 ₪ עם פירוט עלויות; ניר דרש לתקן ל-25 אלף - אומץ ללא נימוק מתועד","אושר במייל (חגי רונן יו""ר, ניר ברלוביץ, גילי קירשנר, גאולה פיקסלר טיאר); איריס ציחה לא בין החותמים",פער של פי ~18 בין המתווה המחושב למחיר שנקבע
פרוטוקול רכישת מפות בכנסים ושינוי מדיניות מידע לסטודנטים.pdf,2022-11-14,מכירת אורתופוטו 1965,6,אורתופוטו 1965,,,"360 ₪ לקמ""ר (אורתופוטו רגיל, כהשוואה)",,מדיניות,,"אושר במייל (חגי רונן יו""ר, ניר ברלוביץ, גילי קירשנר, גאולה פיקסלר טיאר); איריס ציחה לא בין החותמים","""אין למכור מוצר אורתופוטו 1965""; המשך לדיון 28.7.22"
פרוטוקול רכישת מפות בכנסים ושינוי מדיניות מידע לסטודנטים.pdf,2022-11-14,מוצר שכונות - רישיון ארגוני,7,מוצר שכונות,רישיון שימוש ארגוני - כיסוי ארצי,30000,"15000 (שימוש רגיל, החלטת 13.3.2022)",₪,מחיר חדש,"כפל המחיר, בדומה ליחס רישיון ארגוני בשאר מוצרי הבנט""ל","אושר במייל (חגי רונן יו""ר, ניר ברלוביץ, גילי קירשנר, גאולה פיקסלר טיאר); איריס ציחה לא בין החותמים",
פרוטוקול רכישת מפות בכנסים ושינוי מדיניות מידע לסטודנטים.pdf,2022-11-14,מוצר שכונות - רישיון ארגוני,7,מוצר שכונות,רישיון שימוש ארגוני - מחוז בודד,10000,5000 (החלטת 13.3.2022),₪,מחיר חדש,כפל המחיר,"אושר במייל (חגי רונן יו""ר, ניר ברלוביץ, גילי קירשנר, גאולה פיקסלר טיאר); איריס ציחה לא בין החותמים",
פרוטוקול רכישת מפות בכנסים ושינוי מדיניות מידע לסטודנטים.pdf,2022-11-14,מפות סימון שבילים,7-8,מפות סימון שבילים,מפה בודדת מנוילנת,65,84,₪,עדכון מחיר,"סקר מחירי שוק (קובץ מצורף שלא נמסר); חגי ביקש 60/1,010; מלאי 1,244 מפות; עלות עותק 3 ₪","אושר במייל (חגי רונן יו""ר, ניר ברלוביץ, גילי קירשנר, גאולה פיקסלר טיאר); איריס ציחה לא בין החותמים",ייבדק שוב בעוד 4 חודשים
פרוטוקול רכישת מפות בכנסים ושינוי מדיניות מידע לסטודנטים.pdf,2022-11-14,מפות סימון שבילים,7-8,מפות סימון שבילים,סט מנוילן,1000,1360,₪,עדכון מחיר,"סקר מחירי שוק (קובץ מצורף שלא נמסר); חגי ביקש 60/1,010; מלאי 1,244 מפות; עלות עותק 3 ₪","אושר במייל (חגי רונן יו""ר, ניר ברלוביץ, גילי קירשנר, גאולה פיקסלר טיאר); איריס ציחה לא בין החותמים",ייבדק שוב בעוד 4 חודשים
פרוטוקול רכישת מפות בכנסים ושינוי מדיניות מידע לסטודנטים.pdf,2022-11-14,מפות סימון שבילים,7-8,מפות סימון שבילים,מפה בודדת - מחיר בכנסים,60,84,₪,עדכון מחיר,"סקר מחירי שוק (קובץ מצורף שלא נמסר); חגי ביקש 60/1,010; מלאי 1,244 מפות; עלות עותק 3 ₪","אושר במייל (חגי רונן יו""ר, ניר ברלוביץ, גילי קירשנר, גאולה פיקסלר טיאר); איריס ציחה לא בין החותמים",ייבדק שוב בעוד 4 חודשים
פרוטוקול רכישת מפות בכנסים ושינוי מדיניות מידע לסטודנטים.pdf,2022-11-14,מפות סימון שבילים,7-8,מפות סימון שבילים,סט מנוילן - מחיר בכנסים,800,1360,₪,עדכון מחיר,"סקר מחירי שוק (קובץ מצורף שלא נמסר); חגי ביקש 60/1,010; מלאי 1,244 מפות; עלות עותק 3 ₪","אושר במייל (חגי רונן יו""ר, ניר ברלוביץ, גילי קירשנר, גאולה פיקסלר טיאר); איריס ציחה לא בין החותמים",ייבדק שוב בעוד 4 חודשים
פרוטוקול תיקון מחיר קרטו מפיצים ארגונים לעיון והתייחסות.pdf,2023-03-14,"תיקון מחירים למוצרי קרטוגרפיה דיגיטלי לשימוש פרטי / לימודי, מפיצים וארגונים",1,מפת עיר,למשווקים/אפליקציות (מחיר ישן),,400,₪,הצעה - לא אושרה,בקשת שירלי גולדנר למכור במחיר הישן,"אושר במייל (חגי רונן, ניר ברלוביץ, גילי קירשנר, גאולה פיקסלר, איריס ציחה); שם הקובץ: ""לעיון והתייחסות""",ההחלטות לא אישרו; הוחלט שמודל מחירים חדש למפיצים וארגונים יוגש לישיבה הבאה
פרוטוקול תיקון מחיר קרטו מפיצים ארגונים לעיון והתייחסות.pdf,2023-03-14,"תיקון מחירים למוצרי קרטוגרפיה דיגיטלי לשימוש פרטי / לימודי, מפיצים וארגונים",1,"מפה 1:25,000",למשווקים/אפליקציות (מחיר ישן),,600,₪,הצעה - לא אושרה,בקשת שירלי גולדנר למכור במחיר הישן,"אושר במייל (חגי רונן, ניר ברלוביץ, גילי קירשנר, גאולה פיקסלר, איריס ציחה); שם הקובץ: ""לעיון והתייחסות""",ההחלטות לא אישרו; הוחלט שמודל מחירים חדש למפיצים וארגונים יוגש לישיבה הבאה
פרוטוקול תיקון מחיר קרטו מפיצים ארגונים לעיון והתייחסות.pdf,2023-03-14,"תיקון מחירים למוצרי קרטוגרפיה דיגיטלי לשימוש פרטי / לימודי, מפיצים וארגונים",1,"מפה 1:50,000",למשווקים/אפליקציות (מחיר ישן),,800,₪,הצעה - לא אושרה,בקשת שירלי גולדנר למכור במחיר הישן,"אושר במייל (חגי רונן, ניר ברלוביץ, גילי קירשנר, גאולה פיקסלר, איריס ציחה); שם הקובץ: ""לעיון והתייחסות""",ההחלטות לא אישרו; הוחלט שמודל מחירים חדש למפיצים וארגונים יוגש לישיבה הבאה
פרוטוקול תיקון מחיר קרטו מפיצים ארגונים לעיון והתייחסות.pdf,2023-03-14,"תיקון מחירים למוצרי קרטוגרפיה דיגיטלי לשימוש פרטי / לימודי, מפיצים וארגונים",1,"מפות 1:50,000","כיסוי ארצי, למשווקים (מחיר ישן)",,21500,₪,הצעה - לא אושרה,בקשת שירלי גולדנר למכור במחיר הישן,"אושר במייל (חגי רונן, ניר ברלוביץ, גילי קירשנר, גאולה פיקסלר, איריס ציחה); שם הקובץ: ""לעיון והתייחסות""",ההחלטות לא אישרו; הוחלט שמודל מחירים חדש למפיצים וארגונים יוגש לישיבה הבאה
פרוטוקול תיקון מחיר קרטו מפיצים ארגונים לעיון והתייחסות.pdf,2023-03-14,"תיקון מחירים למוצרי קרטוגרפיה דיגיטלי לשימוש פרטי / לימודי, מפיצים וארגונים",2,"מפות 1:25,000","כיסוי ארצי, למשווקים",,,₪,הצעה - לא אושרה,"מחיר מוצע 30,000 ₪ (בקשת שירלי גולדנר)","אושר במייל (חגי רונן, ניר ברלוביץ, גילי קירשנר, גאולה פיקסלר, איריס ציחה); שם הקובץ: ""לעיון והתייחסות""",לא אושר
פרוטוקול תיקון מחיר קרטו מפיצים ארגונים לעיון והתייחסות.pdf,2023-03-14,"תיקון מחירים למוצרי קרטוגרפיה דיגיטלי לשימוש פרטי / לימודי, מפיצים וארגונים",2,"מפות דיגיטליות 1:25,000 - כיסוי ארצי","רישיון ארגוני ומסחרי (ללא מק""ט)",,,₪,הצעה - לא אושרה,"מחיר מוצע 96,120 ₪; נקבע בהתאם למחירי 1:50,000 ו-1:100,000","אושר במייל (חגי רונן, ניר ברלוביץ, גילי קירשנר, גאולה פיקסלר, איריס ציחה); שם הקובץ: ""לעיון והתייחסות""",בקשת שירלי לאשר מחירי רישיון ארגוני למוצרים ללא מחיר; לא אושר. החלטת 29.1.2023 (לא נמסרה): מחירי רישיון ארגוני ומסחרי יישארו ללא שינוי
פרוטוקול תיקון מחיר קרטו מפיצים ארגונים לעיון והתייחסות.pdf,2023-03-14,"תיקון מחירים למוצרי קרטוגרפיה דיגיטלי לשימוש פרטי / לימודי, מפיצים וארגונים",2,"מפות דיגיטליות 1:50,000 - כיסוי ארצי","רישיון ארגוני ומסחרי (מק""ט 8003965)",,60480,₪,מחיר קיים (מרכבה) - מוצג לעיון,"""כך מופיע במרכבה""","אושר במייל (חגי רונן, ניר ברלוביץ, גילי קירשנר, גאולה פיקסלר, איריס ציחה); שם הקובץ: ""לעיון והתייחסות""",בקשת שירלי לאשר מחירי רישיון ארגוני למוצרים ללא מחיר; לא אושר. החלטת 29.1.2023 (לא נמסרה): מחירי רישיון ארגוני ומסחרי יישארו ללא שינוי
פרוטוקול תיקון מחיר קרטו מפיצים ארגונים לעיון והתייחסות.pdf,2023-03-14,"תיקון מחירים למוצרי קרטוגרפיה דיגיטלי לשימוש פרטי / לימודי, מפיצים וארגונים",2,"מפות דיגיטליות 1:100,000 - כיסוי ארצי","רישיון ארגוני ומסחרי (מק""ט 8006857)",,35640,₪,מחיר קיים (מרכבה) - מוצג לעיון,"""כך מופיע במרכבה""","אושר במייל (חגי רונן, ניר ברלוביץ, גילי קירשנר, גאולה פיקסלר, איריס ציחה); שם הקובץ: ""לעיון והתייחסות""",בקשת שירלי לאשר מחירי רישיון ארגוני למוצרים ללא מחיר; לא אושר. החלטת 29.1.2023 (לא נמסרה): מחירי רישיון ארגוני ומסחרי יישארו ללא שינוי
פרוטוקול תיקון מחיר קרטו מפיצים ארגונים לעיון והתייחסות.pdf,2023-03-14,"תיקון מחירים למוצרי קרטוגרפיה דיגיטלי לשימוש פרטי / לימודי, מפיצים וארגונים",2,"מפה דיגיטלית 1:25,000","רישיון ארגוני ומסחרי (ללא מק""ט)",,,₪,הצעה - לא אושרה,"מחיר מוצע 5,250 ₪; נקבע בהתאם למחירי 1:250,000 ו-1:450,000","אושר במייל (חגי רונן, ניר ברלוביץ, גילי קירשנר, גאולה פיקסלר, איריס ציחה); שם הקובץ: ""לעיון והתייחסות""",בקשת שירלי לאשר מחירי רישיון ארגוני למוצרים ללא מחיר; לא אושר. החלטת 29.1.2023 (לא נמסרה): מחירי רישיון ארגוני ומסחרי יישארו ללא שינוי
פרוטוקול תיקון מחיר קרטו מפיצים ארגונים לעיון והתייחסות.pdf,2023-03-14,"תיקון מחירים למוצרי קרטוגרפיה דיגיטלי לשימוש פרטי / לימודי, מפיצים וארגונים",2,"מפה דיגיטלית 1:50,000","רישיון ארגוני ומסחרי (ללא מק""ט)",,,₪,הצעה - לא אושרה,"מחיר מוצע 4,500 ₪; נקבע בהתאם למחירי 1:250,000 ו-1:450,000","אושר במייל (חגי רונן, ניר ברלוביץ, גילי קירשנר, גאולה פיקסלר, איריס ציחה); שם הקובץ: ""לעיון והתייחסות""",בקשת שירלי לאשר מחירי רישיון ארגוני למוצרים ללא מחיר; לא אושר. החלטת 29.1.2023 (לא נמסרה): מחירי רישיון ארגוני ומסחרי יישארו ללא שינוי
פרוטוקול תיקון מחיר קרטו מפיצים ארגונים לעיון והתייחסות.pdf,2023-03-14,"תיקון מחירים למוצרי קרטוגרפיה דיגיטלי לשימוש פרטי / לימודי, מפיצים וארגונים",2,"מפה דיגיטלית 1:100,000","רישיון ארגוני ומסחרי (ללא מק""ט)",,,₪,הצעה - לא אושרה,"מחיר מוצע 3,750 ₪; נקבע בהתאם למחירי 1:250,000 ו-1:450,000","אושר במייל (חגי רונן, ניר ברלוביץ, גילי קירשנר, גאולה פיקסלר, איריס ציחה); שם הקובץ: ""לעיון והתייחסות""",בקשת שירלי לאשר מחירי רישיון ארגוני למוצרים ללא מחיר; לא אושר. החלטת 29.1.2023 (לא נמסרה): מחירי רישיון ארגוני ומסחרי יישארו ללא שינוי
פרוטוקול תיקון מחיר קרטו מפיצים ארגונים לעיון והתייחסות.pdf,2023-03-14,"תיקון מחירים למוצרי קרטוגרפיה דיגיטלי לשימוש פרטי / לימודי, מפיצים וארגונים",2,"מפה דיגיטלית 1:250,000","רישיון ארגוני ומסחרי (מק""ט 8003968)",,3000,₪,מחיר קיים (מרכבה) - מוצג לעיון,"""כך מופיע במרכבה""","אושר במייל (חגי רונן, ניר ברלוביץ, גילי קירשנר, גאולה פיקסלר, איריס ציחה); שם הקובץ: ""לעיון והתייחסות""",בקשת שירלי לאשר מחירי רישיון ארגוני למוצרים ללא מחיר; לא אושר. החלטת 29.1.2023 (לא נמסרה): מחירי רישיון ארגוני ומסחרי יישארו ללא שינוי
פרוטוקול תיקון מחיר קרטו מפיצים ארגונים לעיון והתייחסות.pdf,2023-03-14,"תיקון מחירים למוצרי קרטוגרפיה דיגיטלי לשימוש פרטי / לימודי, מפיצים וארגונים",2,"מפה דיגיטלית 1:450,000","רישיון ארגוני ומסחרי (מק""ט 8004006)",,2250,₪,מחיר קיים (מרכבה) - מוצג לעיון,"""כך מופיע במרכבה""","אושר במייל (חגי רונן, ניר ברלוביץ, גילי קירשנר, גאולה פיקסלר, איריס ציחה); שם הקובץ: ""לעיון והתייחסות""",בקשת שירלי לאשר מחירי רישיון ארגוני למוצרים ללא מחיר; לא אושר. החלטת 29.1.2023 (לא נמסרה): מחירי רישיון ארגוני ומסחרי יישארו ללא שינוי
פרוטוקול תיקון מחיר קרטו מפיצים ארגונים לעיון והתייחסות.pdf,2023-03-14,"תיקון מחירים למוצרי קרטוגרפיה דיגיטלי לשימוש פרטי / לימודי, מפיצים וארגונים",2,"מפה דיגיטלית 1:700,000","רישיון ארגוני ומסחרי (מק""ט 8003997)",,1500,₪,מחיר קיים (מרכבה) - מוצג לעיון,"""כך מופיע במרכבה""","אושר במייל (חגי רונן, ניר ברלוביץ, גילי קירשנר, גאולה פיקסלר, איריס ציחה); שם הקובץ: ""לעיון והתייחסות""",בקשת שירלי לאשר מחירי רישיון ארגוני למוצרים ללא מחיר; לא אושר. החלטת 29.1.2023 (לא נמסרה): מחירי רישיון ארגוני ומסחרי יישארו ללא שינוי
פרוטוקול תיקון מחיר קרטו מפיצים ארגונים לעיון והתייחסות.pdf,2023-03-14,"תיקון מחירים למוצרי קרטוגרפיה דיגיטלי לשימוש פרטי / לימודי, מפיצים וארגונים",2,מפת עיר דיגיטלית,"רישיון ארגוני ומסחרי (ללא מק""ט)",,400,₪,הצעה - לא אושרה,"מחיר מוצע 800 ₪ - ""כפול מהמחיר הקודם""","אושר במייל (חגי רונן, ניר ברלוביץ, גילי קירשנר, גאולה פיקסלר, איריס ציחה); שם הקובץ: ""לעיון והתייחסות""",לא אושר
פרוטוקול תיקון מחיר קרטו מפיצים ארגונים לעיון והתייחסות.pdf,2023-03-14,"תיקון מחירים למוצרי קרטוגרפיה דיגיטלי לשימוש פרטי / לימודי, מפיצים וארגונים",2,"מפות ""ארץ ישראל"" (1:250,000/1:450,000/1:700,000)",רישיון ארגוני ומסחרי,,,30% הנחה (מוצע),הצעה - לא אושרה,,"אושר במייל (חגי רונן, ניר ברלוביץ, גילי קירשנר, גאולה פיקסלר, איריס ציחה); שם הקובץ: ""לעיון והתייחסות""",לא אושר
פרוטוקול תיקון מחיר קרטו מפיצים ארגונים לעיון והתייחסות.pdf,2023-03-14,"תיקון מחירים למוצרי קרטוגרפיה דיגיטלי לשימוש פרטי / לימודי, מפיצים וארגונים",2,"תמלוגי חברות אפליקציה (עמוד ענן, אופרוד, גיא גרינבלד, אגת, מפד)",לרישיון,,25-50 ₪ לרישיון (אגת: 15% מהרווחים; מפד: 5-50 ₪),+50% (מוצע),הצעה - לא אושרה,בקשה להעלות את התמלוגים ב-50%,"אושר במייל (חגי רונן, ניר ברלוביץ, גילי קירשנר, גאולה פיקסלר, איריס ציחה); שם הקובץ: ""לעיון והתייחסות""",לא אושר
פרוטוקול תיקון מחיר קרטו מפיצים ארגונים לעיון והתייחסות.pdf,2023-03-14,"תיקון מחירים למוצרי קרטוגרפיה דיגיטלי לשימוש פרטי / לימודי, מפיצים וארגונים",3,מפות דיגיטליות לשימוש פרטי/לימודי,בודדים,,,,מדיניות,,"אושר במייל (חגי רונן, ניר ברלוביץ, גילי קירשנר, גאולה פיקסלר, איריס ציחה); שם הקובץ: ""לעיון והתייחסות""",החלטה: לא ימכרו מפות לבודדים (רק דרך חברות עם אפליקציה); הסרה זמנית של קישור המחירון ProductCatalog_price-list-2021 מאתר gov.il עד לבדיקת עדכניותו
פרוטוקול עלויות rtk וקול קורא מפיצים לעיון והתייחסות.pdf,"לא מצוין (ככל הנראה פברואר-מרץ 2023, לפי שמות קבצים מצורפים 20230213 / 02032023 / 230302)",שינוי עלויות RTK,1-2,שירות RTK,"משתמש חדש (יוזר), לקוחות פרטיים",300,,₪ לחודש למשתמש,מחיר חדש,"מודל עסקי (מצגת BD_NewModel4RTK, לא נמסרה): הכנסה נוכחית ~500,000 ₪ מ-160 מנויים; מעבר מבנק דקות למנוי; תחרות מול 2 חברות פרטיות","אושר במייל (חגי רונן, ניר ברלוביץ, גילי קירשנר, גאולה פיקסלר, איריס ציחה); אין תאריך בכותרת; שם הקובץ: ""לעיון והתייחסות""","המועד הקובע 1.7.23; בדיון נאמר ""300 ₪ פר מנוי ושימוש חופשי"" ובהחלטה ""300 ₪/חודש"" (אי-התאמה: לפי 160 מנויים x 300 ₪ לחודש ההכנסה ~576,000 ₪ לשנה); מודל תמחור לדילרים בקובץ RTK.xlsx שלא נמסר"
פרוטוקול עלויות rtk וקול קורא מפיצים לעיון והתייחסות.pdf,"לא מצוין (ככל הנראה פברואר-מרץ 2023, לפי שמות קבצים מצורפים 20230213 / 02032023 / 230302)",מענה למכרז נתיבי ישראל,3,"מוצר לפי קמ""ר (מחירון מפ""י 85 ₪ לקמ""ר; סוג המוצר לא מפורש)",נתיבי ישראל,74,85,"₪ לקמ""ר",הנחה,"הנחה של 11 ₪ לקמ""ר ממחיר המחירון (הצעת ערן קינן)","אושר במייל (חגי רונן, ניר ברלוביץ, גילי קירשנר, גאולה פיקסלר, איריס ציחה); אין תאריך בכותרת; שם הקובץ: ""לעיון והתייחסות""","74 מחושב (85-11), לא נכתב במפורש"
פרוטוקול עדכון מחירי צילומי אויר 2023.pdf,2023-05-03,"עדכון מחירי צילומי תצ""א",1-2,"תצלומי אוויר (תצ""א)",כלל המוצרים לפי טבלת אלעד אסרף,,,,עדכון מחיר,"טבלת תחשיב (אלעד אסרף ודוד גלידאי): עלויות ייצור, זמן עובד, עליית מחירים, הצמדה ואינפלציה; גילום דמי הטיפול וביטול ההנחות; ללא עלויות שטחים/ארנונה (הערת ניר)","אושר במייל (חגי רונן, ניר ברלוביץ, גילי קירשנר, גאולה פיקסלר, איריס ציחה)",הטבלה (העלאת מחירי תצא1.xlsx) לא נמסרה - המחירים אינם ידועים מהחומר; בתוקף 1.7.23; מפנה לפרוטוקול 19 ביולי 2020 שלא נמסר
פרוטוקול עדכון מחירי צילומי אויר 2023.pdf,2023-05-03,"עדכון מחירי צילומי תצ""א",1-2,דמי טיפול,,0,,,מדיניות,מגולמים במחירים החדשים,"אושר במייל (חגי רונן, ניר ברלוביץ, גילי קירשנר, גאולה פיקסלר, איריס ציחה)",ביטול הדרישה לתשלום דמי טיפול
פרוטוקול עדכון מחירי צילומי אויר 2023.pdf,2023-05-03,הנחות על מוצרים/שירותים,2-3,הנחות כמות למפות נייר,,,,,מדיניות,,"אושר במייל (חגי רונן, ניר ברלוביץ, גילי קירשנר, גאולה פיקסלר, איריס ציחה)",בוטלה לאלתר
פרוטוקול עדכון מחירי צילומי אויר 2023.pdf,2023-05-03,הנחות על מוצרים/שירותים,2-3,הנחות כמות לתצלומי אוויר,,,,,מדיניות,,"אושר במייל (חגי רונן, ניר ברלוביץ, גילי קירשנר, גאולה פיקסלר, איריס ציחה)",בוטלה לאלתר
פרוטוקול עדכון מחירי צילומי אויר 2023.pdf,2023-05-03,הנחות על מוצרים/שירותים,2-3,הנחה עבור תעודת עובד ציבור,,,,,מדיניות,,"אושר במייל (חגי רונן, ניר ברלוביץ, גילי קירשנר, גאולה פיקסלר, איריס ציחה)","בוטלה לאלתר (""הנחה שלא ניתנה מעולם"")"
פרוטוקול עדכון מחירי צילומי אויר 2023.pdf,2023-05-03,הנחות על מוצרים/שירותים,2-3,הנחות למפיצים,,,,,מדיניות,,"אושר במייל (חגי רונן, ניר ברלוביץ, גילי קירשנר, גאולה פיקסלר, איריס ציחה)",יבוטלו רק לאחר פרסום קול קורא ובחירת מפיצים
פרוטוקול עדכון מחירי צילומי אויר 2023.pdf,2023-05-03,הנחות על מוצרים/שירותים,2-3,"הנחת עובדי מפ""י",רכישה אחת בשנה מכל סוג מפה,,66% הנחה,50% הנחה,הנחה,נימוק: פרצה שאפשרה ניצול אישי,"אושר במייל (חגי רונן, ניר ברלוביץ, גילי קירשנר, גאולה פיקסלר, איריס ציחה)",עם פרסום קול קורא
פרוטוקול עדכון מחירי צילומי אויר 2023.pdf,2023-05-03,הנחות על מוצרים/שירותים,2-3,מפות נייר הנמכרות בכנסים,,,,20% הנחה,הנחה,,"אושר במייל (חגי רונן, ניר ברלוביץ, גילי קירשנר, גאולה פיקסלר, איריס ציחה)",השארת הנחת הכנסים
פרוטוקול עדכון מחירי צילומי אויר 2023.pdf,2023-05-03,הנחות על מוצרים/שירותים,2-3,מוצרים לסטודנטים,עד להכנת 10 אזורי עניין; מחוץ לאזורים גם לאחר מכן,,,50% הנחה,הנחה,,"אושר במייל (חגי רונן, ניר ברלוביץ, גילי קירשנר, גאולה פיקסלר, איריס ציחה)","""כמו שהוחלט בוועדה ב-18.4.23"" (פרוטוקול לא נמסר); בתוך האזורים - חינם"
פרוטוקול עדכון מחירי צילומי אויר 2023.pdf,2023-05-03,הנחות על מוצרים/שירותים,2-3,הנחות בחגי ישראל (ראש השנה/סוכות/פסח/שבועות),3 שבועות לפני החג,,,כאחוז הנחת הכנסים (20%),הנחה,,"אושר במייל (חגי רונן, ניר ברלוביץ, גילי קירשנר, גאולה פיקסלר, איריס ציחה)",
פרוטוקול עדכון מחירי צילומי אויר 2023.pdf,2023-05-03,הנחות על מוצרים/שירותים,3,שירותי RTK לרשות לרישום והסדר זכויות מקרקעין,"עבודות במזרח ירושלים ע""י עובדי מדינה",0,,,פטור,,"אושר במייל (חגי רונן, ניר ברלוביץ, גילי קירשנר, גאולה פיקסלר, איריס ציחה)",אשרור החלטת ועדה מ-3/4/22 (לא נמסרה); הפטור זמני עד סיום העבודות עבור החלטות ממשלה
פרוטוקול עדכון מחירי צילומי אויר 2023.pdf,2023-05-03,מחירים למפות דיגיטליות לארגונים ולמפיצים,3-4,מפות דיגיטליות - מפיצים,לכל מנוי המשתמש במפות,50,,₪ למנוי לשנה,מחיר חדש,מנגנון תמלוגים בהצעת אלעד,"אושר במייל (חגי רונן, ניר ברלוביץ, גילי קירשנר, גאולה פיקסלר, איריס ציחה)","החל מ-1.1.24; מכירה רק דרך מפיצים, לא ליחידים"
פרוטוקול עדכון מחירי צילומי אויר 2023.pdf,2023-05-03,מחירים למפות דיגיטליות לארגונים ולמפיצים,3-4,מפות דיגיטליות - מפיצים,מינימום שנתי למפיץ,10000,,₪ לשנה,מחיר חדש,מנגנון תמלוגים בהצעת אלעד,"אושר במייל (חגי רונן, ניר ברלוביץ, גילי קירשנר, גאולה פיקסלר, איריס ציחה)","אם תשלום המנויים נמוך מ-10,000 ₪ המפיץ משלים את ההפרש"
פרוטוקול עדכון מחירי צילומי אויר 2023.pdf,2023-05-03,מחירים למפות דיגיטליות לארגונים ולמפיצים,4,מפות דיגיטליות - ארגונים,לפי סוג הארגון וכמות המשתמשים,,,,מדיניות,,"אושר במייל (חגי רונן, ניר ברלוביץ, גילי קירשנר, גאולה פיקסלר, איריס ציחה)","ייקבע פרטנית ע""י ועדת המחירים או ועדה מצומצמת תוך שבוע"
פרוטוקול גזטיר 2024.pdf,2024-04-08,"אישור מודל עסקי - גזטיר הנדל""ן",1-2,"קובץ גזטיר הנדל""ן כולל שכבת הכתובות והמבנים","רכישה חד-פעמית, מאגר מלא (~3.5 מיליון רשומות)",150000,,₪,מחיר חדש,הצעת ניר ברלוביץ (חשב); לא הוצג תחשיב עלות בפרוטוקול,"אושר במייל (חגי רונן, ניר ברלוביץ, גילי קירשנר, סער בן צבי, ניר אלוש)","בעבר הגזטיר הורד בחינם באתר מפ""י; במצגת מודל freemium (לא נמסרה)"
פרוטוקול גזטיר 2024.pdf,2024-04-08,"אישור מודל עסקי - גזטיר הנדל""ן",2,"קובץ גזטיר הנדל""ן כולל שכבת הכתובות והמבנים",עלות עדכון שנתית,50000,,₪ לשנה,מחיר חדש,הצעת ניר ברלוביץ; ללא תחשיב,"אושר במייל (חגי רונן, ניר ברלוביץ, גילי קירשנר, סער בן צבי, ניר אלוש)",
פרוטוקול גזטיר 2024.pdf,2024-04-08,"אישור מודל עסקי - גזטיר הנדל""ן",2,קובץ גזטיר - רכש מאגר חלקי,מעל חצי מיליון רשומות,150000,,₪,מחיר חדש,,"אושר במייל (חגי רונן, ניר ברלוביץ, גילי קירשנר, סער בן צבי, ניר אלוש)","עד חצי מיליון רשומות: ייעשה חישוב ע""י אלעד אסרף (לא בחומר)"
פרוטוקול גזטיר 2024.pdf,2024-04-08,"אישור מודל עסקי - גזטיר הנדל""ן",2,"קובץ גזטיר בסיסי (חינם) - data.gov.il / אתר מפ""י",,,,,מדיניות,,"אושר במייל (חגי רונן, ניר ברלוביץ, גילי קירשנר, סער בן צבי, ניר אלוש)","יידון מחדש לאחר פגישה אצל המנכ""ל; בדיון הוזכר חוק חופש המידע ופנייה תלויה ועומדת"
